"","id","challenge_1","challenge_2","challenge_3","challenge_4","challenge_5","att_challenge_1","att_challenge_2","att_challenge_3","att_challenge_4","att_challenge_5","failure_1","failure_2","failure_3","failure_4","failure_5","att_failure_1","att_failure_2","att_failure_3","att_failure_4","att_failure_5","criticism_1","criticism_2","criticism_3","criticism_4","criticism_5","att_criticism_1","att_criticism_2","att_criticism_3","att_criticism_4","att_criticism_5"
"3","R_3qL5xKhrsFmgrv0","Erö","Megfelelés","Önismeret","Kényszer","Gyözelem","pozitív","inkább negatív","pozitív","semleges","inkább pozitív","Ujrakezdés","Akarat","Felépités","Nehéz helyzet","Összeomlás","pozitív","pozitív","inkább pozitív","semleges","inkább negatív","Rosszindulat","Átgondolás","Önismeret","Elöadásforma","Tapintat","negatív","pozitív","pozitív","semleges","pozitív"
"4","R_23NCLpvx4SB9Dgt","Érdekes","Nem unalmas","Változatosság","Nehézségek","Siker","pozitív","pozitív","pozitív","inkább negatív","pozitív","Csalódás","Sikertelenség","Új lehetőségek","Valami vége","Rossz","negatív","negatív","inkább pozitív","semleges","negatív","Visszajelzés","Ötletek ","Félelem","Értékelés","Más szemlélet","pozitív","pozitív","negatív","semleges","inkább pozitív"
"5","R_20TEX6WniVnD9zC","Kaland","Móka","Energia","Fárasztó","Ismeret","pozitív","pozitív","pozitív","inkább negatív","inkább pozitív","Veszteség","Sikertelenség","Esélytelenség","Próba","Szomorú","negatív","negatív","negatív","inkább pozitív","negatív","Előbbrevitel","Támogató","Őszinte","Gonosz","Lehúzó","pozitív","pozitív","pozitív","negatív","negatív"
"6","R_2cAxNYVxc1ZwA8I","Munka","Fáradság","Fejlődés","Nehézség","Kitartás","inkább negatív","inkább negatív","inkább pozitív","inkább negatív","inkább pozitív","Szégyen","Önbizalomvesztés","Bánat","Harag","Motiváltság","negatív","negatív","negatív","negatív","inkább pozitív","Építő","Romboló","Visszatartó","Mindenki","Viszolygás","inkább pozitív","negatív","inkább negatív","inkább negatív","negatív"
"7","R_1pXOz1BGjvPxY7x","","","","","","","","","","","","","","","","","","","","","","","","","","","","","",""
"8","R_2ExVEZr8qlu55Rw","","","","","","","","","","","","","","","","","","","","","","","","","","","","","",""
"9","R_1CDyTH4jP9xVUEK","","","","","","","","","","","","","","","","","","","","","","","","","","","","","",""
"10","R_25ZLqt1cvLTwQGJ","adrenalin","stressz","fejlodes","presztizs","jutalom","inkább pozitív","inkább negatív","inkább pozitív","pozitív","pozitív","fajdalom","szegyen","tanulas","fejlodes","lehetoseg","negatív","negatív","inkább pozitív","pozitív","inkább pozitív","fejlodes","epules","tamadas","javulas","folyamat","pozitív","pozitív","negatív","inkább pozitív","semleges"
"11","R_OlD88K73xJCL6lH","feladat","fejlődés","lehetőség","mérce","idegesség","semleges","pozitív","pozitív","inkább negatív","negatív","csalódás","önértékelés","depresszió","lehetőség","továbblépés","negatív","semleges","negatív","inkább pozitív","pozitív","ijedtség","fejlődés","düh","megfontolás","javítás","inkább negatív","inkább pozitív","negatív","pozitív","pozitív"
"12","R_3R95hvf7ojPATLI","fejlődés","akadály","ugrás","feladat","growth mindset","pozitív","semleges","inkább pozitív","semleges","pozitív","szomorú","kevés","béna","rossz","bukás","negatív","negatív","negatív","negatív","negatív","építő","feedback","rosszindulatú","tanulás","fejlődés","pozitív","pozitív","negatív","pozitív","pozitív"
"13","R_1DnwJWSGjGoSFTH","Verseny","Cél","Előrelépés","Gondolkozni","Csinálni","pozitív","pozitív","pozitív","inkább pozitív","pozitív","Veszteség","Bukás","Felállás","Előrekezdés","Győzni","inkább negatív","negatív","pozitív","pozitív","pozitív","Rossz","Jó ","Fejlődési lehetőség ","Javítás","Összeomlás","negatív","pozitív","pozitív","inkább pozitív","negatív"
"14","R_216QsdURosDKjUW","","","","","","","","","","","","","","","","","","","","","","","","","","","","","",""
"15","R_AgvnfPmOwfwtdkt","Időbeosztás","Pénzügy","Öröm","Határidő","Akadály","inkább negatív","negatív","pozitív","inkább negatív","inkább pozitív","Káröröm","Bukás","Pénzügy","Feladás","Továbbhaladás","negatív","negatív","inkább negatív","semleges","pozitív","Lelkiismeret","Teljesítmény","Munka","Tanulság","Mentor","inkább negatív","inkább pozitív","semleges","pozitív","pozitív"
"16","R_1f3lpuCAAhMh10S","Lehetőseg","Előrelépés","Önállóság","Izgalom","Segítség","pozitív","pozitív","pozitív","inkább pozitív","inkább pozitív","Lehetőség","Gyakorlás","Támasz","Újra","Váltás","pozitív","pozitív","pozitív","pozitív","inkább pozitív","Család","Társadalom","Változás","Kitartás","Erő","pozitív","semleges","inkább pozitív","pozitív","pozitív"
"17","R_UWQo4uMMwsfjiSJ","Probatetel","Elegseges","Teljesites","Megprobaltatas","Siker","inkább pozitív","inkább pozitív","inkább pozitív","inkább pozitív","pozitív","Sikertelenseg","Szomorusag","Meghasonlas","Megallas","Onreflexio","negatív","inkább negatív","semleges","semleges","pozitív","Epito","Fejleszto","Vitriol","Elvorosodes","Hallgatas","inkább pozitív","inkább pozitív","negatív","inkább negatív","inkább pozitív"
"18","R_WxPewDuiiPC9fVv","Újdonság","Ismeretlen","Lehetőség ","Kalandvágy","Nehézség","inkább pozitív","semleges","pozitív","pozitív","inkább negatív","Szomorúság","Sikertelenség","Újratervezés","Újrakezdés","Kitartás","negatív","negatív","inkább pozitív","pozitív","pozitív","Tanulás","Visszajelzés","Elgondolkodtató ","Kellemetlen","Bántó","pozitív","inkább pozitív","inkább pozitív","inkább negatív","negatív"
"19","R_1jWhBl7K275soaW","Feladat ","Lehetőség ","Munka ","Próba ","Fejlődés ","semleges","pozitív","inkább pozitív","semleges","pozitív","Elkeseredettség ","Próba ","Sikertelenség ","Szomorúság ","Fejlődés ","negatív","semleges","negatív","negatív","inkább pozitív","Őszinte ","Értékelés ","Negatív ","Pozitív ","Vélemény ","inkább pozitív","semleges","negatív","inkább pozitív","semleges"
"20","R_1jv5oaNH1wTmxNQ","kaland","energia","növekedés","élet","elte","pozitív","pozitív","pozitív","inkább pozitív","inkább pozitív","fájdalom","sírás","akadály","elbukás","nehézség","negatív","negatív","inkább negatív","negatív","inkább negatív","vélemény","gondolat","ötlet","építő","romboló","semleges","inkább pozitív","pozitív","pozitív","negatív"
"21","R_3MmWWrVv279UWKX","félelem","izgalom","vezetés","komfortzóna","pánikzóna","negatív","inkább pozitív","inkább negatív","semleges","negatív","fájdalom","nehézség","újrakezdés","lehetőség","mélypont","negatív","inkább negatív","pozitív","pozitív","negatív","konstruktív","építő","negatív","konfliktus","fejlődés","pozitív","pozitív","negatív","semleges","pozitív"
"22","R_3szdtb5rx14OvNG","lehetőség","feladat","nehézség","küzdelem","izgalom","pozitív","semleges","inkább negatív","inkább negatív","pozitív","szégyen","bukás","hiba","veszteség","esély","negatív","negatív","inkább negatív","inkább negatív","pozitív","építő","fejlődés","negatív","belekötés","bírálat","pozitív","pozitív","negatív","negatív","inkább negatív"
"23","R_1NyOiUbY364KQQV","fejlödés","eredmény","munka","küzdés","cél","pozitív","pozitív","inkább pozitív","semleges","inkább pozitív","rossz","Eredménytelen","Csalódás","Újrapróbálkozás","Segítség","negatív","negatív","negatív","inkább pozitív","inkább pozitív","önkritika","udvariasság","kritikus gondolkozás","piszkálódás","film","semleges","pozitív","pozitív","inkább negatív","semleges"
"24","R_31ABpqHafGrAQJT","Eredmény","Fejlődés","Lehetőség","Kompetencia","Bizonyítás","inkább pozitív","pozitív","inkább pozitív","pozitív","inkább negatív","Értéktelenség","Büntetés","Szégyen","Fájdalom","Kitartás","negatív","negatív","negatív","negatív","pozitív","Hiba","Elutasítottság","Szerethetetlenség","Megsemmisülés","Szociális izoláció","negatív","negatív","negatív","negatív","negatív"
"25","R_2uwZa3ZFH2AKsI4","merni","ijesztő","munka","fejlődés","erő","inkább pozitív","semleges","pozitív","pozitív","semleges","bukás","feladás","veszíteni","felállni","tanulni","negatív","negatív","inkább negatív","pozitív","pozitív","vita","védekezés","építő","lehúzó","tanulás","inkább negatív","negatív","pozitív","negatív","pozitív"
"26","R_25yYwTDJy72DTwM","Elhivatottság","Cél","Kitartás","Problémák","Félelem","inkább pozitív","pozitív","inkább pozitív","inkább negatív","inkább negatív","Sokk","Elbukás","Szégyen","Nyomás","Stop","negatív","negatív","negatív","negatív","semleges","Film","Hivatás","Érzék","Nyomás","Megfelelés","semleges","inkább pozitív","inkább pozitív","inkább negatív","semleges"
"27","R_0vxPxcWNcRqyM0N","","","","","","","","","","","","","","","","","","","","","","","","","","","","","",""
"28","R_2VIKpEp6va6QTi9","Megmérettetés","Vágyakozás","Versengés","Elhivatottság","Siker","pozitív","inkább pozitív","semleges","pozitív","pozitív","Csalódottság","Sebezhetőség","Kezdet","Ihlet","Tapasztalat","inkább negatív","semleges","pozitív","inkább pozitív","pozitív","Hasznos","Fejlődés","Szemléletváltás","Segítség","Építő","pozitív","pozitív","inkább pozitív","inkább pozitív","pozitív"
"29","R_3rThrgSJcPaBHdE","Nehézség","Teljesítés","Kaland","Kudarc","Eredmény","inkább negatív","semleges","pozitív","negatív","semleges","Bukás","Talpraállás","Újratervezés","Bukta","Csalódás","negatív","pozitív","inkább pozitív","negatív","negatív","Fájdalom","Félelem","Nehézség","Éles","Kudarc","negatív","negatív","inkább negatív","negatív","negatív"
"30","R_3qVVVITtIpRZf9C","Teljesítmény ","Feladat","Ügyesség ","Izgalom","Flow","pozitív","pozitív","pozitív","pozitív","pozitív","Siker","Külföld ","Én erő ","Újrakezdés ","Félelem ","pozitív","inkább negatív","inkább pozitív","inkább negatív","inkább negatív","Gondolkodás ","Szemlélet ","Anya","Szorongás ","Teljesítés ","pozitív","pozitív","inkább negatív","inkább negatív","inkább negatív"
"31","R_1gdrxdycC7uVAN0","Siker ","Munka ","Gyereknevelés ","Verseny ","Érdekes ","pozitív","inkább pozitív","inkább pozitív","inkább pozitív","pozitív","Veszteség ","Bukás ","Sikertelenség ","Hibázás ","Szomorúság ","negatív","negatív","inkább negatív","semleges","semleges","Építő ","Szükséges ","Fejlődés ","Jogos ","Kitől","inkább pozitív","inkább pozitív","pozitív","inkább pozitív","semleges"
"32","R_5o3QodF30tzWKqt","jutalom","tehetség","kreativitás","öröm","cél","pozitív","pozitív","pozitív","pozitív","pozitív","nehézség","könnyek","tanulság","szenvedés","siker","inkább negatív","negatív","inkább pozitív","negatív","pozitív","téves","gyors","sztereotípia","segítség","fejlődés","inkább negatív","inkább negatív","inkább negatív","pozitív","pozitív"
"33","R_2WTCJLNkU298ENB","Lehetőség","Kockáztatás","Bátorság","Ismeretlen","Kaland","pozitív","inkább negatív","pozitív","semleges","inkább pozitív","Bme","Fájdalom","Szenvedés","Szégyen","Sikertelenség","inkább negatív","inkább negatív","negatív","negatív","inkább negatív","Önbecsülés","Visszajelzés","Hiba","Javítás","Vélemény","pozitív","semleges","inkább negatív","inkább pozitív","semleges"
"34","R_2Xdr4N3kH38vDK2","teljesítmény","adrenalin","bizonytalanság","feladat","ambivalencia ","inkább negatív","pozitív","negatív","inkább negatív","inkább negatív","teljesítmény","meg nem felelés","szomorúság","vélemény","óra","inkább negatív","negatív","negatív","inkább negatív","semleges","környezet","önreflexió","értékelés","elbizonytalanodás","lelombozás","pozitív","pozitív","inkább pozitív","negatív","negatív"
"35","R_2eOwlqiVks8fe87","","","","","","","","","","","","","","","","","","","","","","","","","","","","","",""
"36","R_24B2wVOtJViQEU0","","","","","","","","","","","","","","","","","","","","","","","","","","","","","",""
"37","R_yyDjyxeXZnbzwml","Küzdelem ","Nehézség ","Fejtörés","Erőfeszítés ","Verseny ","semleges","negatív","inkább negatív","inkább negatív","semleges","Bánat ","Csalódottság","Próbálkozás ","Lehetőség ","Feladás ","negatív","negatív","inkább pozitív","pozitív","negatív","rossz ","negatív ","Nem tetszés ","Véleményezés ","Építő jelleg ","negatív","negatív","negatív","semleges","pozitív"
"38","R_3iR1SNO2uDd21iR","erő","önbizalom","akaraterő","izgalom","várakozás","pozitív","pozitív","pozitív","semleges","semleges","szomorúság","félelem","önbecsülés","erő","következmény","negatív","negatív","negatív","semleges","semleges","fájó","hasznos","érdekes","elgondolkodtató","szükséges","negatív","pozitív","semleges","semleges","semleges"
"39","R_2CNccxxqJtfAhbQ","Nehézség ","Kitartás ","Sikerélmény ","Kudarc","Élet ","inkább pozitív","pozitív","pozitív","negatív","inkább pozitív","Elbizonytalanodás ","Szomorúság ","Újraprobalkozas","Feladás ","Kihívás ","inkább negatív","negatív","inkább pozitív","negatív","inkább pozitív","Konstruktív ","Ítélkező ","Segítség ","Rosszindulatú ","Fejlődés ","pozitív","negatív","pozitív","negatív","pozitív"
"40","R_UzI87zpnvRgbFLj","Fejlődés ","Nehézség ","Újdonság ","Megmèrettetès ","Párbaj ","pozitív","semleges","inkább pozitív","inkább pozitív","semleges","Csalódás ","Új esély ","Bűntudat ","Hiba","Bukás ","negatív","inkább pozitív","inkább negatív","negatív","negatív","Tanács ","Megvetés ","Visszajelzés ","Vélemény ","Sértés ","pozitív","negatív","inkább pozitív","inkább pozitív","negatív"
"41","R_1C3Ld5yONjEg2d8","Cél ","Munka ","Energia ","Eltökéltség ","Megoldás ","inkább pozitív","inkább pozitív","pozitív","pozitív","pozitív","Fájdalom ","Csalódás ","Önképzavar ","Vesztes ","Bukás ","semleges","negatív","negatív","negatív","negatív","Őszinte ","Megbotránkoztató","Építő ","Jellegzetes ","Profi","pozitív","inkább negatív","pozitív","pozitív","pozitív"
"42","R_5sU9Sb0R1NVTkiZ","Munka","Gondolkodás","Eredmény","Mérce","Siker","semleges","inkább pozitív","pozitív","semleges","pozitív","Csalódás","Sikertelenség","Tanulság","Rossz","Próba","inkább negatív","negatív","inkább pozitív","negatív","semleges","Pozitív","Negatív","Építő","Romboló","Csúfolódás","pozitív","negatív","pozitív","negatív","negatív"
"43","R_pzvoaCfSH8JXvxL","Bizonyítás","Élmény","Nehézség","Versengés","Feladat","pozitív","pozitív","inkább negatív","inkább pozitív","inkább pozitív","Feladás","Csalódás","Elkeseredés","Szomorú","Fájdalom","inkább negatív","inkább negatív","negatív","negatív","negatív","Tanár","Filmkritika","Cinikus megjegyzés","Intelligencia","Negatívum","semleges","inkább pozitív","negatív","pozitív","negatív"
"44","R_3GenHotQseHtlUW","Pozitivitas","Kreativitas","Új dolgok","Motiváció","Siker","pozitív","pozitív","inkább pozitív","inkább pozitív","pozitív","Sikertelenség ","Bukás ","Könny ","Megbízhatatlansag","Szomorúság ","negatív","negatív","inkább negatív","negatív","negatív","Negatív ","Pozitív ","Építő jellegű ","Gonoszság ","Irigység ","negatív","pozitív","pozitív","negatív","negatív"
"45","R_ULmVZGTDPB0BSRX","Elszántság","Kitartás","Tapasztalat","Idő","Küzdeni","pozitív","pozitív","pozitív","semleges","inkább pozitív","Vizsga","Újrakezdés ","Sírás","Erő","Próbálkozni","inkább negatív","pozitív","negatív","pozitív","inkább pozitív","Negatív ","Pozitiv","Tehetség","Művészet","Befolyásolás","negatív","pozitív","semleges","semleges","inkább negatív"
"46","R_3iKft8jlYh9SF00","Utazás","Megfelelés","Aláírás","Jövedelem","Célok","pozitív","inkább pozitív","negatív","inkább pozitív","pozitív","Gimnázium","Fejlődés","Állategészségtan ","Állatélettan","Sport","inkább negatív","inkább pozitív","negatív","negatív","semleges","Párkapcsolat","Család","Barátok","Idegenek ","Önmagam","pozitív","inkább pozitív","semleges","negatív","inkább pozitív"
"47","R_1JLtYi6U5kFRYtt","cél","kitartás","élmény","pozitivitás","erö","pozitív","pozitív","semleges","pozitív","pozitív","szomorúság","tanulság","erö","elesettség","újrakezdés","negatív","inkább pozitív","semleges","negatív","pozitív","megfelelés","sztereotípia","kényszer","vélemény","változás","inkább negatív","inkább negatív","negatív","semleges","semleges"
"48","R_SZay56fb5ld56uZ","","","","","","","","","","","","","","","","","","","","","","","","","","","","","",""
"49","R_vrFgx9pk3tX4DFD","tanulás","cél","erőfeszítés","eredmény","kitartás","inkább pozitív","inkább pozitív","semleges","pozitív","pozitív","verseny","szomorú","csalódás","remény","céltudat","semleges","negatív","negatív","inkább pozitív","pozitív","vélemény","kritizálás","dícséret","romboló","építő","semleges","negatív","pozitív","negatív","pozitív"
"50","R_sBxX9GXIiJZfI1X","Feladat","Erőpróba","Cél","Motiváció","Fejlődés","inkább pozitív","pozitív","pozitív","pozitív","pozitív","Sikertelenség","Elbukás","Vesztés ","Feladás","Gyemgeség","negatív","negatív","inkább negatív","negatív","inkább negatív","Vélemény","Észrevételek","Benyomás","Megítélés ","Bírálat ","semleges","semleges","semleges","semleges","semleges"
"51","R_2tnHCzAhpdHLypf","Feladat","Kitartás","Siker","Próbálkozás","Izgalom","semleges","pozitív","pozitív","semleges","inkább pozitív","Sikertelenség","Bukás","Szomorúság","Fájdalom","Csalódottság","negatív","negatív","negatív","negatív","negatív","Hiba","Javítás","Építő","Kéretlen","Munka","negatív","inkább pozitív","pozitív","negatív","semleges"
"52","R_3iVbvlkNkdbfnmR","","","","","","","","","","","Bukta","Egyes","A kudarc az egy esemény ","Rosszullét ","Levertseg","negatív","negatív","semleges","negatív","negatív","","","","","","","","","",""
"53","R_3CHnFeBAEQtL79c","","","","","","","","","","","","","","","","","","","","","","","","","","","","","",""
"54","R_2dMAFPx0J0Tl2A3","","","","","","","","","","","","","","","","","","","","","","","","","","","","","",""
"55","R_4JE2ELrJNCwH6M1","Egyetem","Kollegium","Tanulas","Bionika","Oktatok ","inkább negatív","semleges","inkább negatív","negatív","inkább negatív","","","","","","","","","","","","","","","","","","","",""
"56","R_1pT1nIe070BhRSh","","","","","","","","","","","","","","","","","","","","","","","","","","","","","",""
"57","R_3CNKEqhmSTZFV8q","","","","","","","","","","","","","","","","","","","","","nehéz","fáj","düh","sok","rossz","negatív","negatív","negatív","negatív","negatív"
"58","R_2v35TsMipx04xpV","h","h","h","h","h","semleges","semleges","semleges","semleges","semleges","p","r","o","b","a","negatív","inkább negatív","semleges","inkább negatív","semleges","ez","K","a","t","a","negatív","inkább negatív","semleges","semleges","inkább pozitív"
"59","R_1Ec9RrMQuFUd0zI","","","","","","","","","","","","","","","","","","","","","","","","","","","","","",""
"60","R_2E4pLLAxPrWJMZl","","","","","","","","","","","depresszió","elbukás","szomorúság","sikertelenség","új esély","negatív","negatív","negatív","negatív","pozitív","vélemény","tanács ","építő","megalázó","segítség ","semleges","inkább pozitív","pozitív","negatív","pozitív"
"61","R_2D6Rw6wm8nGNC4c","","","","","","","","","","","Bukás ","Bűntudat","Kritika","Blokk","Sokk","negatív","negatív","negatív","negatív","negatív","Társadalom ","Negatív ","Film","Benyomás ","Újság ","semleges","negatív","inkább negatív","semleges","inkább negatív"
"62","R_50bhHutD64kT1uh","nehézség","újdonság","fejlődés","érdekesség","munka","inkább negatív","inkább pozitív","pozitív","inkább pozitív","semleges","","","","","","","","","","","","","","","","","","","",""
"63","R_3fpZ0cMiQN8ShPq","","","","","","","","","","","","","","","","","","","","","","","","","","","","","",""
"64","R_1NkzxG2uRszUUxo","","","","","","","","","","","Kerülés","Zavar","Zuhanás","Felállás","Siker","inkább negatív","inkább negatív","negatív","pozitív","pozitív","Vélemény","Írás","Lehetőség","Lecsó","Gondolkodás","semleges","inkább pozitív","pozitív","pozitív","pozitív"
"65","R_3t6RL1IDohA6r6h","","","","","","","","","","","","","","","","","","","","","","","","","","","","","",""
"66","R_3qwkMIojUTKdkls","","","","","","","","","","","","","","","","","","","","","","","","","","","","","",""
"67","R_5nL4Q3N25Y4zoBz","","","","","","","","","","","","","","","","","","","","","","","","","","","","","",""
"68","R_ApxFQYdes0M9zl7","Lehetőség","Képesség","Feladás","Probléma","Megoldás","pozitív","pozitív","negatív","semleges","semleges","Fájdalom","Letörtség","Kedvtelen","Bukás","Nehézség","inkább negatív","negatív","inkább negatív","negatív","semleges","Negatív","Őszinteség","Pozitív","Változtatás","Hiba","negatív","pozitív","pozitív","inkább pozitív","semleges"
"69","R_1d1cEGj0aeUVX84","Verseny","Kudarc","Siker","Erő","Hegy","inkább pozitív","inkább pozitív","inkább pozitív","inkább pozitív","inkább pozitív","Bukás","Szomorúság","Negatív","Motivációvesztés","Félelem","negatív","negatív","negatív","negatív","negatív","Negatív","Vélemény","Fejlesztés","Lenézés","Félelem","negatív","semleges","","inkább negatív","negatív"
"70","R_1lt0pG3QeLdydtN","feladat","teljesítmény","siker","megmérettetés","stressz","inkább pozitív","inkább pozitív","pozitív","semleges","negatív","bukás","hiba","sikertelenség","bánat","tapasztalat","negatív","semleges","inkább negatív","semleges","pozitív","hiba","hiányosság","sértés","javítási lehetőség","elvárás","negatív","semleges","negatív","pozitív","semleges"
"71","R_1fjjaaZyQrlV2Sc","Challenge","Versenyzés","Ellenfelek","Feladat","Nehéz","inkább pozitív","inkább negatív","inkább negatív","inkább pozitív","inkább negatív","Fájdalom","Sikertelenség ","Csalódottság ","Elesés","Újrakezdés","negatív","negatív","negatív","inkább negatív","inkább pozitív","Vélemény","Építő jelleg","Féltékenység","Irigység ","Tanulni belőle","semleges","inkább pozitív","inkább negatív","negatív","inkább pozitív"
"72","R_1M3pZjAeVckAXLO","Nehezseg","Feladat","Munka","Élmény","Akarat","semleges","semleges","semleges","semleges","semleges","Fajdalom","Erő","Csalodás","Akarás","Probalkozas","semleges","semleges","semleges","semleges","semleges","Építő","Rossz","Jó","Munka","Feladat","semleges","semleges","semleges","semleges","semleges"
"73","R_3k7DWAzo8AvSO8X","Akadályok","Új lehetőség","Megugrás","Harc","Küzdelem","semleges","inkább pozitív","inkább pozitív","inkább negatív","semleges","Sikertelenseg","Csalódottság ","Vesztes ","Új esély ","Törés ","negatív","inkább negatív","negatív","inkább pozitív","inkább negatív","Fejlődés ","Vélemény ","Határozottság ","Negatív ","Becsmérlés","pozitív","semleges","inkább pozitív","negatív","inkább negatív"
"74","R_3EhUeyrX4HrvyXG","tanulás","idő","nehézség","újdonság","elfoglalt","inkább pozitív","inkább negatív","inkább negatív","inkább pozitív","negatív","sikertelenség","elégtelen","szomorúság","bűntudat ","stressz","negatív","negatív","negatív","negatív","negatív","dícséret","szidalmazás","ösztönzés","javítás","fejlesztés","pozitív","negatív","pozitív","pozitív","pozitív"
"75","R_QoVSyL4bn6N6bo5","Munka","Videojáték","Élet","Házasság","Egzisztencia","inkább negatív","inkább pozitív","semleges","inkább negatív","inkább negatív","Munka","Házasság","Barátok","Videojáték","Sport","negatív","negatív","semleges","inkább negatív","inkább negatív","Barátok","Munkahely","Társadalom","Család","Filmek","inkább negatív","inkább pozitív","negatív","inkább pozitív","inkább pozitív"
"76","R_2eaqoE8JsbR2Kwk","Erősít ","Lehetőség ","Uj perspektíva ","Kétélű penge ","Pozitív ","inkább pozitív","pozitív","inkább pozitív","semleges","pozitív","Félelem ","Lehetőség ","Nézőpont kérdése ","Mások véleménye","Elkerulendo","inkább negatív","pozitív","semleges","inkább negatív","inkább pozitív","Konstruktív ","Asszertiv","Fejlesztő","Jobbnak lenni","Jóindulatú ","inkább pozitív","inkább pozitív","inkább pozitív","inkább pozitív","inkább pozitív"
"77","R_25sfs8AvoNRxz4I","Verseny","Nehéz","Mosoly","Csapat","Jövő","semleges","inkább negatív","inkább pozitív","inkább pozitív","semleges","Sírás","Szomorú","Sötét","Összeomlás","Vigasztalás","semleges","inkább negatív","inkább negatív","negatív","inkább pozitív","Negatív","Tudományos","Újság","Férfi","Akadály","inkább negatív","inkább pozitív","pozitív","inkább pozitív","inkább negatív"
"78","R_3qkEqppOHj1S2Hu","büszkeség","nehéz","próba","bizonyítás","haladás","pozitív","inkább pozitív","inkább pozitív","inkább pozitív","pozitív","vereség","szégyen","béna","gyenge","keményebben","negatív","negatív","negatív","negatív","pozitív","fáj","tanulás","makacs","fejlődés","haladás","negatív","inkább pozitív","inkább negatív","pozitív","pozitív"
"79","R_29vmx3qPjV0xKHT","verseny","izgalom","próba","nemmindenapi","újdonság","semleges","inkább pozitív","semleges","inkább pozitív","inkább pozitív","próba","csalódás","fájdalom","kellemetlen","új","semleges","inkább negatív","inkább negatív","inkább negatív","inkább pozitív","próba","rossz","jó","igyekvés","tűrés","inkább pozitív","inkább negatív","inkább pozitív","inkább pozitív","inkább pozitív"
"80","R_2uVyGRXcde4kUXD","Elbukás","Szenvedés","Pánikroham","Rosszullét","Sírás","negatív","negatív","negatív","negatív","negatív","Élet","Sírás","Ágy","Stressz","Önnizalomhiány","semleges","","pozitív","negatív","negatív","Fájdalom","Önbizalomesés","Emlékeztető","Elkeseredettség","Önutálat","negatív","negatív","inkább pozitív","inkább negatív","negatív"
"81","R_RDlTXYEy3FXOKwF","Lehetőség","Siker","Újdonság","Ismeretlen","Megpróbáltatás","pozitív","pozitív","semleges","inkább negatív","inkább pozitív","Hiba","Újrakezdés","Sikertelenség","Próbálkozás","Sikertelenség","inkább negatív","pozitív","negatív","inkább pozitív","negatív","Építő","Bátorító","Negatív","Pozitív ","Hiba","pozitív","pozitív","negatív","pozitív","inkább negatív"
"82","R_3EhuJ12vxHdbr17","nehéz","rewarding","kimozdít","szorongás","fejlődés","inkább negatív","pozitív","inkább pozitív","negatív","pozitív","szégyen","felállni","szükséges","siker","iskola","negatív","pozitív","semleges","pozitív","negatív","negatív","építő","nehéz","kell","jég","negatív","pozitív","inkább negatív","semleges","inkább negatív"
"83","R_3Le8LEaVdI0CLla","Sport","Kűzdelem ","Verseny ","Siker ","Önismeret ","semleges","inkább pozitív","pozitív","pozitív","pozitív","Fiaskó","Fájdalom ","Motiváció","Bizonyítás ","Siker ","inkább negatív","inkább negatív","inkább pozitív","inkább pozitív","pozitív","Bírálat ","Hírnév ","Önbecsülés ","Szabadság","Szégyen ","inkább negatív","semleges","inkább pozitív","inkább pozitív","inkább negatív"
"84","R_1NxJjoejI5xBoAl","Feladat","Erő","Kitartás","Kreativitás","Idő","semleges","pozitív","pozitív","pozitív","inkább negatív","Stressz","Félelem","Szorongás","Megalázottság","Lehetőség","negatív","negatív","negatív","negatív","inkább pozitív","Negatív","Könyv","Kultúra","Vélemény","Írás","negatív","semleges","pozitív","inkább pozitív","semleges"
"85","R_RVtPXFW2B7gXCdr","eredmény","Nehézség","Fejlődés","Kudarc","Elszántság","pozitív","inkább negatív","pozitív","negatív","pozitív","Veszteség","Szégyen","Veszíteni","Nagyobb erőfeszítés","Más megközelités","negatív","negatív","inkább negatív","inkább pozitív","inkább pozitív","Sértettség","Fejlődés","Javítás","Haladás","Koncentrálás","negatív","pozitív","pozitív","pozitív","inkább pozitív"
"86","R_1FzIIsoRTFQjNI3","Doga","Vizsga","Élet","Munka","Szerelem","inkább negatív","negatív","inkább pozitív","semleges","inkább pozitív","Megalázás","Hiba","Szégyen","Félelem","Bukás","negatív","inkább negatív","negatív","negatív","negatív","Építő","Ítélkezés","Film","Család","Kritikus","pozitív","negatív","inkább pozitív","inkább pozitív","semleges"
"87","R_1r6Xz9tAgK34YRF","versengés","törekvés","teljesítés","versenyszellem","maximalizmus","inkább pozitív","inkább pozitív","pozitív","inkább pozitív","pozitív","csalódottság","elkeseredés","felállás","tanulás","fejlődés","negatív","negatív","inkább pozitív","inkább pozitív","inkább pozitív","negatívum","pozitívum","sértődöttség","támadás","fejlődés","negatív","pozitív","inkább negatív","negatív","inkább pozitív"
"88","R_xEJigJPnJykAeat","nehéz","Erő","Akadály ","Próba ","Előrelépés ","semleges","pozitív","semleges","inkább pozitív","pozitív","sajnálat ","Próbálkozás ","Újrakezdés ","Tanulás ","Teljesítmény ","negatív","pozitív","semleges","pozitív","pozitív","előítélet","Igazság","Meggondolatlanság","Példa","Segítség","negatív","pozitív","negatív","pozitív","pozitív"
"89","R_2V2u3OATbRSSfuc","túlélni","megmaradni","anal1","algo1","jocó","inkább negatív","inkább negatív","pozitív","pozitív","pozitív","mosi","ikhök","életem","félév","jocó","negatív","negatív","negatív","semleges","pozitív","orbán","hök","puzsér","hazugság","kampány","negatív","semleges","semleges","negatív","inkább negatív"
"90","R_3KvK4hjraL0xsXH","Nehéz ","Lehetőség ","Alkalmas ","Motiváció ","Erőfeszítés ","negatív","inkább pozitív","inkább pozitív","pozitív","pozitív","Csalódás","Alkalmatlan ","Szomorú ","Eredménytelen ","Sikertelen ","negatív","negatív","negatív","negatív","negatív","Hiba","Megalázás","Probléma ","Segítség ","Kötekedés","negatív","negatív","inkább negatív","pozitív","negatív"
"91","R_1exhdkOZxtd4Yy9","Tanulmány","Teljesítési vágy","Sport","Erőfeszítés","Cél","inkább pozitív","inkább pozitív","inkább pozitív","inkább negatív","pozitív","Szomorúság","Csalódás","Erő","Tanulni belőle","Pozitivan látni","negatív","negatív","inkább pozitív","pozitív","pozitív","Építő jelleg","Megalázás","Teljesítmény","Munka","Vélemény","pozitív","negatív","semleges","semleges","semleges"
"92","R_d4iMZm7cUa8cam5","lehetőség","cél","kudarc","akarat","szorgalom","inkább pozitív","semleges","negatív","inkább pozitív","inkább pozitív","vereség","talpraállás","javítás","siker","stressz","negatív","pozitív","inkább pozitív","pozitív","negatív","vélemény","segítség","fejlődés","jóindulat","jellemzés","semleges","inkább pozitív","pozitív","pozitív","semleges"
"93","R_30pWNmHrAu6nqPt","Rajz","Labor","Alkotni","Sport","Torta","pozitív","inkább pozitív","pozitív","inkább pozitív","pozitív","Szomorú","Papír","Könny","Fej","Szülők","negatív","semleges","negatív","semleges","inkább negatív","Kesztyű","Mosogató","Szülők","Tanár","Főzés","semleges","inkább negatív","inkább negatív","inkább negatív","inkább negatív"
"94","R_1QaNs2r1PYKI7Hm","Mindennapok","Egyetem ","Munka ","Időbeosztás","Pénzszerzés","pozitív","semleges","semleges","semleges","semleges","Fejlesztő ","Fájdalmas ","Gyakran előfordul","Újabb kihívás","Elkeserítő","inkább negatív","negatív","semleges","pozitív","negatív","Vélemény ","Fejlődés ","Sértő ","Hasznos ","Több nézőpont","inkább pozitív","pozitív","negatív","pozitív","pozitív"
"95","R_1qV66YUSeqQiX34","Siker","Küzdés","Nehézség","Erő","Boldogság","pozitív","pozitív","semleges","pozitív","pozitív","Szereplés","Társas interakciók","Időbeosztás","Félelem","Szorongás","negatív","negatív","inkább negatív","negatív","negatív","Pozitív","Negatív","Bántó","Teljesítés","Fejlődés","pozitív","negatív","negatív","inkább pozitív","pozitív"
"96","R_26nKPIrh0BjNrm8","Nehéz","Megéri","Fejlődés","Bátorság","Eredmény","inkább pozitív","pozitív","pozitív","inkább pozitív","pozitív","Fájdalom","Nehézség","Krízis","Fejlődés","Előrelépés","negatív","negatív","negatív","pozitív","pozitív","Építő","Nyomás","Fájdalmas","Nehéz","Fejlődés","inkább pozitív","negatív","inkább negatív","inkább negatív","pozitív"
"97","R_1dHyubA6YmVKvy6","építő","nehézség","élet","kitartás","verseny","pozitív","inkább pozitív","pozitív","pozitív","inkább pozitív","rossz","negatív","építő","nehézség","változtatás","inkább negatív","negatív","pozitív","inkább pozitív","inkább pozitív","pozitív","negatív","építő","romboló","baráti","pozitív","negatív","pozitív","negatív","pozitív"
"98","R_3fOgWrb1pmwgjxy","","","","","","","","","","","","","","","","","","","","","","","","","","","","","",""
"99","R_2XcHskbxtBoMZRr","Kaland","Élmény","Tudás","Próbatétel","Siker","inkább pozitív","inkább pozitív","pozitív","inkább negatív","pozitív","Veszteség","Csalódás","Kiábrándulás","Bűntudat","Bizonyítási vágy","negatív","negatív","negatív","negatív","pozitív","Bántás","Félelem","Kötekedés","Tanulás","Értékelés","negatív","negatív","negatív","inkább pozitív","inkább pozitív"
"100","R_3oFkNhKZcGjIKa3","","","","","","","","","","","","","","","","","","","","","újság","film","tv","jó","rossz","negatív","inkább pozitív","inkább pozitív","pozitív","negatív"
"101","R_1GTwLikTcgPk4A4","Életem","Siker","Szeretem","Bizonyiték","Sok","inkább pozitív","pozitív","pozitív","pozitív","inkább negatív","Félek","Megbánás","Újrakezdés","Szégyen","Édesapám","negatív","negatív","inkább pozitív","negatív","inkább negatív","Irodalom","Írás","Én","Mások","Építő","pozitív","pozitív","semleges","inkább negatív","pozitív"
"102","R_4OtaVcBSPBb4X3b","Próba ","Eredmény ","Lehetőség ","Megoldás ","Életesemény ","negatív","inkább pozitív","inkább pozitív","inkább pozitív","pozitív","Bánat","Csalódás ","Szomorúság ","Csőd ","Hiba","negatív","negatív","negatív","negatív","negatív","Probléma ","Tulajdonság ","Hibázás","Vélemény ","Építkezés ","negatív","negatív","negatív","inkább pozitív","pozitív"
"103","R_1ooStqKHDf8gSMR","feladat","siker","gondolkodás","folyamat","bizonyítási lehetőség","pozitív","pozitív","semleges","semleges","inkább pozitív","sikertelenség","bizonytalanság","motivációvesztés","sajnálat","szánalom","negatív","inkább negatív","inkább negatív","inkább negatív","negatív","motiváció","önbecsülés","énkép","értékek","bosszúvágy","pozitív","pozitív","pozitív","pozitív","negatív"
"104","R_2wTTQ3UE56ptQec","gyerekek","új feladat","szembeszegülés","egyetem","óvoda","pozitív","pozitív","inkább negatív","pozitív","pozitív","verseny","szigor","mentor","anatómia","közlekedés","inkább negatív","negatív","negatív","semleges","inkább pozitív","egyetem","tanárok","apa","szemléletváltás","segítés","inkább pozitív","semleges","pozitív","pozitív","pozitív"
"105","R_33ByiN42mEMc5b6","Probléma","Nehéz","Megoldás","Próbálkozás","Siker","semleges","semleges","inkább pozitív","semleges","pozitív","Csalódás","Kellemetlen","Feladás","Társaság","Szomorúság","inkább negatív","inkább negatív","negatív","inkább negatív","negatív","Vélemény","Negatív","Építő jellegű","Értékelés","Érzések","semleges","negatív","pozitív","semleges","semleges"
"106","R_1fcQebbsGmsV3tq","Cél","Teljesítmény","Erő","Akarat ","Siker ","inkább pozitív","inkább pozitív","semleges","inkább pozitív","pozitív","Vesztes","Bánat ","Próbálkozás ","Tanulás ","Tapasztalat ","negatív","negatív","inkább pozitív","semleges","pozitív","Segítség","Megbántás","Szigorú ","Vélemény ","Elfogadás ","pozitív","negatív","inkább negatív","semleges","pozitív"
"107","R_2EhFK6qhihu9H3e","motiváció","cél","feladat","korlátok","határok","pozitív","pozitív","semleges","inkább pozitív","inkább pozitív","hiba","hibakeresés","motiváció","újult erő","feladat","semleges","inkább pozitív","pozitív","pozitív","inkább pozitív","vélemény","pozitív","negatív","fájdalom","igazságtalanság","inkább pozitív","pozitív","inkább pozitív","negatív","negatív"
"108","R_2v0yCCT7iEbJBZh","","","","","","","","","","","","","","","","","","","","","","","","","","","","","",""
"109","R_1NqpbJSGSRA8AXh","Küzdelem","Feladat","Izgalom","Nehézség","Harc","pozitív","semleges","pozitív","inkább negatív","inkább pozitív","Bukás","Újrakezdés","Szomorúság","Fájdalom","Tanulság","negatív","inkább pozitív","negatív","negatív","pozitív","Építő","Segítség","Értékelés","Rossz","Vélemény","pozitív","pozitív","inkább pozitív","negatív","semleges"
"110","R_2sSdJ9TULHPUXsu","Új szituáció ","Erőfeszítés ","Új ","Tudás invesztálás","Próba ","","pozitív","inkább pozitív","pozitív","inkább pozitív","Sikertelenség ","Jobban kell próbálkozni ","Pofara esés ","Tudatlanság ","Tapasztalatlanság","negatív","pozitív","negatív","inkább negatív","semleges","Visszajelzés ","Szeretettel","Előremutató ","Pozitív v negatív ","Tudás átadás ","inkább pozitív","pozitív","inkább pozitív","semleges","pozitív"
"111","R_33srJP19tH8WgpQ","erő","nehézség","akadály","motiváció","nekifutás","pozitív","inkább pozitív","inkább pozitív","pozitív","pozitív","felállni","újrapróbálni","tough","megcsinálom","tanulságos","inkább pozitív","pozitív","inkább pozitív","pozitív","inkább pozitív","változtatni","változni","átgondolni","megpróbálni","stop","pozitív","pozitív","pozitív","pozitív","inkább pozitív"
"112","R_1hyaPgeHJjyyUrr","Ambició","Erő","Félelem","Megmozgat","Ijesztő","pozitív","inkább pozitív","inkább negatív","inkább pozitív","negatív","Csalódás","Szomorúság","Keserű","Félelem","Fekete","negatív","negatív","negatív","inkább negatív","negatív","Építő","Bántó","Kötekedő","Ijesztő","Félelmetes","inkább pozitív","inkább negatív","inkább negatív","negatív","negatív"
"113","R_0UMs9bPcFSUIzdf","Ügyesség","Edzés","Intelligencia","Tanulás","Élet","inkább pozitív","pozitív","pozitív","inkább pozitív","inkább pozitív","Harc","Vereség","Küzdelem","Megpróbáltatás","Stressz","semleges","inkább negatív","inkább pozitív","inkább pozitív","negatív","Média","Politika","Újság","Civil","Film","semleges","inkább negatív","semleges","pozitív","pozitív"
"114","R_3FOJy0uRRE5bsY3","kaland","nehéz","munka","gürcölés","feladat","inkább pozitív","inkább negatív","negatív","negatív","semleges","veszteség","szégyen","megpróbáltatás","reményvesztettség","bizalomvesztés","negatív","negatív","negatív","negatív","negatív","építő","romboló","szégyen","fejlődés","rosszindulat","inkább pozitív","negatív","negatív","inkább pozitív","negatív"
"115","R_2OJhYe0IxQjI9lH","motiváció","fejlődés","siker","stressz","támogatás","pozitív","pozitív","pozitív","inkább negatív","inkább pozitív","megfutamodás","szégyen","harag","könnyek","vigasz","inkább negatív","negatív","inkább negatív","inkább negatív","inkább pozitív","építő","rosszindulatú","makacsság","változás","önbizalom","inkább pozitív","inkább negatív","inkább pozitív","semleges","inkább pozitív"
"116","R_5tNABeHwNFQrORX","Felkészülés","Teljesítés","Küzdelem","Akaraterő","Nehézség","semleges","inkább pozitív","inkább pozitív","pozitív","semleges","Fájdalom","Bánat","Újrakezdés","tanulás","Siker","negatív","negatív","pozitív","pozitív","pozitív","konstruktív","építő","tanulás","bántás","pontszám","pozitív","pozitív","pozitív","negatív","inkább negatív"
"117","R_1f1vsIQJIAkwIqR","versenyszellem","új lehetőség","stressz","önbizalom","időhiány","inkább pozitív","pozitív","inkább negatív","pozitív","negatív","elvárás","stressz","önbizalomhiány","belső őrlődés","szomorúság","semleges","inkább negatív","negatív","negatív","negatív","elvárás","félelem","jutalom","büszkeség","fejlesztés","semleges","inkább negatív","inkább pozitív","pozitív","pozitív"
"118","R_1P5xp6VqelVz8BQ","motiváció","próbatétel","megmérkőzés","verseny","teljesítés","pozitív","pozitív","inkább pozitív","inkább pozitív","pozitív","vereség","félelem","bukás","sikertelenség","csőd","negatív","negatív","negatív","negatív","negatív","pozitív kritika","negatív kritika","segítőszándék","kritizálás","előrelépés","pozitív","negatív","pozitív","negatív","pozitív"
"119","R_12y86f4Vfi5a9u9","Feladat","Újdonság","Megmérettetés","Próba","Tanulás","semleges","inkább pozitív","semleges","semleges","semleges","Csalódás","Vesztes","Bukás","Megszégyenülés","Harag","negatív","negatív","negatív","inkább negatív","negatív","Színház","Film","Mozi","Újság","Negatív","pozitív","pozitív","pozitív","pozitív","negatív"
"120","R_3D0gsuRL8htncEF","Izgalom","Nehézség","Igyekezet","Küzdelem","Komfortzóna","semleges","inkább negatív","inkább pozitív","pozitív","inkább pozitív","Csalódás","Fájdalom","Szomorúság","Nehézség","Hiány","negatív","negatív","inkább negatív","inkább negatív","semleges","Építő","Negatív","Tanulság","Vélemény","Lecke","pozitív","negatív","inkább pozitív","inkább pozitív","pozitív"
"121","R_08rnd1rCRmyKj3H","feladat","kitartás","megpróbáltatás","bizonyítás","akarat","semleges","inkább pozitív","semleges","inkább pozitív","inkább pozitív","harag","bánat","csalódottság","elégedetlenség","szomorúság","negatív","inkább negatív","inkább negatív","inkább negatív","negatív","bíráskodás","visszajelzés","értékelés","minősítés","pontozás","semleges","inkább pozitív","inkább pozitív","semleges","semleges"
"122","R_3HSbixYGgnsrnlf","Hajrá","Gyerünk","Lehetséges","Tehetség","Tett vàgy","pozitív","pozitív","inkább pozitív","pozitív","pozitív","Szégyen","Sikertelenség","Bánat","Bizalmatlanság","Lehetetlen","negatív","negatív","negatív","negatív","inkább pozitív","Jó","Hasznos","Figyelem ","Hagyni","Biztatás","pozitív","pozitív","pozitív","semleges","pozitív"
"123","R_usSrg7fkQsKE8cV","nehéz","győzelem","siker","kitartás","kudarc","semleges","inkább pozitív","pozitív","inkább pozitív","negatív","bukás","újrapróbálkozás","siker","vége","elront","negatív","inkább pozitív","inkább pozitív","semleges","inkább negatív","hiba","negatív","építő","javít","tanács","inkább negatív","negatív","pozitív","inkább pozitív","inkább pozitív"
"124","R_3oXC4Hh5eB5EtTq","feladat","kaland","motiváció","komfortzóna ","tanulság ","semleges","inkább pozitív","pozitív","inkább pozitív","pozitív","bukás","sikertelenség","vesztes ","feladni ","hiba ","inkább negatív","negatív","negatív","negatív","semleges","gondolkodás ","értelmezés","ítélkezés ","építő","látásmód","pozitív","pozitív","inkább negatív","pozitív","semleges"
"125","R_1KlhlMiUOA171zi","Problémás","Lehetőség","Fejlődés","Elakadás","Vállalkozás","inkább negatív","inkább pozitív","pozitív","inkább negatív","semleges","Negatív élmény","Próbálkozás","Sikertelen","Vége","Szomorúság","negatív","semleges","negatív","inkább negatív","negatív","Pozitív","Építő","Visszajelzés","Változó","Rossz","pozitív","pozitív","semleges","semleges",""
"126","R_3dFiCufD5k1qHmG","Teher","Izgalom","Csalódás","Öröm","Jutalom","inkább negatív","inkább pozitív","inkább negatív","pozitív","pozitív","Rossz","Csalódás","Depresszio","Szomorúság","Kín","negatív","negatív","negatív","negatív","negatív","Negatív","Csalódás","Rossz","Fejlődés","Teher","negatív","negatív","negatív","pozitív","negatív"
"127","R_xtL5mt13U1CkvrX","","","","","","","","","","","","","","","","","","","","","","","","","","","","","",""
"128","R_20Pzgb6KEB05L5K","Siker","Akadályok","Bátorság","Kitartás","Fejlődés","pozitív","inkább negatív","inkább pozitív","pozitív","pozitív","Sírás","Kitartás","Sikertelenség","Negativitás","Esély","negatív","pozitív","negatív","negatív","inkább pozitív","Társadalom","Újságírás","Zsűri","Vélemény","Építő","semleges","semleges","semleges","semleges","pozitív"
"129","R_NVjmxNReM4jbq6J","","","","","","","","","","","","","","","","","","","","","","","","","","","","","",""
"130","R_31T9Kp7jpCUyBoo","Fizkém","Egyetem","tanulás-meló-élet szentháromság","100%-os teljesítmény","Fáradtság leküzdése","negatív","inkább pozitív","inkább negatív","pozitív","semleges","egyetem","csúszás","szervetlen labor","párkapcsolat","tanulás","negatív","negatív","negatív","negatív","negatív","Őszinteség","Személyiségfejlődés","Fájdalom","Megalázottság","Igaz barátság","pozitív","inkább pozitív","negatív","negatív","inkább pozitív"
"131","R_31yn6lupyIRuRlH","Nehéz","Küzdelem","Kitartás","Feladni","Játék","inkább negatív","inkább pozitív","pozitív","negatív","semleges","Tanulás","Rossz","Csalódás","Újrakezdeni","Élet","inkább pozitív","negatív","negatív","pozitív","pozitív","Düh","Komment","Emberek","Beszéd","Internet","negatív","inkább negatív","semleges","semleges","inkább pozitív"
"132","R_9zQIIg2EHNJ1vuV","","","","","","","","","","","","","","","","","","","","","","","","","","","","","",""
"133","R_21aItCikyAGlynJ","","","","","","","","","","","","","","","","","","","","","","","","","","","","","",""
"134","R_2c7oE5UCDdPH7wV","Nehéz","Kitartás","Idő","Hit","Önbizalom","inkább negatív","pozitív","inkább negatív","pozitív","pozitív","Miért","Tanulság","Új lehetőség","Elfogadás","Tapasztalat","pozitív","pozitív","pozitív","inkább pozitív","pozitív","Vélemény","Tanár","Jegy","Visszajelzes","Tanulság","inkább negatív","semleges","inkább negatív","semleges","inkább pozitív"
"135","R_6MDPSCNtUgn6rG9","Nehéz","Kudarc","Verseny","Nyereség","Boldogság","inkább negatív","negatív","semleges","pozitív","pozitív","Vizsgaidőszak ","Kukac","Verseny","Veszíteni","Szomorúság","negatív","semleges","semleges","inkább negatív","negatív","Bántó","Negatív","Építő","Segíthet","Elvárás","negatív","negatív","pozitív","pozitív","semleges"
"136","R_T1sslUfEsaxmUP7","kredit","vizsga","siker","kudarc","ösztönzés","semleges","semleges","pozitív","negatív","inkább pozitív","kettes","hiba","bukás","pánik","csalódás","semleges","semleges","negatív","inkább negatív","negatív","önbizalomhiány","tanár","ítélkezés","építőjellegű","gúny","inkább negatív","inkább pozitív","inkább negatív","inkább pozitív","negatív"
"137","R_1jNfDnvtIOtoLRH","esély","ösztönzés","verseny","fejlődés","megmérettetés","pozitív","pozitív","semleges","pozitív","semleges","fájdalom","fáradtság","szorongás","szégyen","félelem","negatív","inkább negatív","negatív","negatív","negatív","fejlődés","lehetőség","vélemény","segítség","értékelés","pozitív","pozitív","semleges","pozitív","semleges"
"138","R_2SGjTw3n9HCT2RU","","","","","","","","","","","vereség","veszteség","bukás","nehézség","utálat","negatív","negatív","negatív","inkább negatív","negatív","segítség","haladás","értékelés","lehetőség","leszólás","inkább pozitív","pozitív","semleges","inkább pozitív","negatív"
"139","R_2zoHCopI0nmknga","motiváció","tettvágy","gyengeség","sikerélmény","verseny","pozitív","inkább pozitív","inkább negatív","pozitív","semleges","szomorúság","csalódottság","motiváció","negatív","fájdalom","negatív","negatív","inkább pozitív","negatív","negatív","művészet","könyv","negatív","pozitív","fejlődés","pozitív","pozitív","inkább negatív","inkább pozitív","pozitív"
"140","R_WeumYgJne8i5Jnz","Nehéz ","Új ","Élmény ","Lelkesítő ","Energia igényes ","semleges","pozitív","pozitív","pozitív","inkább negatív","Csalódás ","Düh ","Hiábavalóság","Feleslegesség","Új esély ","negatív","negatív","negatív","negatív","inkább pozitív","Bíráló ","Ítélet ","Hiba ","Javítás ","Tanulás ","inkább negatív","negatív","inkább negatív","inkább pozitív","inkább pozitív"
"141","R_3ElLZagIoa5a9tz","félelem","új","izgalom","kíváncsiság","akaraterő","negatív","semleges","inkább pozitív","inkább pozitív","pozitív","fájdalom","bizonytalanság","útmutatás","csak előre","tanulság","negatív","inkább negatív","inkább pozitív","pozitív","pozitív","fontos ","emberek","oktatás","külső","pozitív-negatív","pozitív","semleges","inkább negatív","inkább negatív","pozitív"
"142","R_3PoGoDWSRHoX4zR","Cel","Munka","Siker","Ero","Magabiztosság ","semleges","inkább pozitív","pozitív","pozitív","pozitív","Szomorúság ","Sikertelenség ","Megosztottság ","Gyengeség ","Elnyomottsag","negatív","negatív","semleges","negatív","negatív","Tanulekonysag","Jó ","Rossz ","Építő ","Okos","pozitív","pozitív","negatív","inkább pozitív","pozitív"
"143","R_2496DTPWqc7fHcu","teljesítmény","teher","jutalom","fejlődés","stressz","inkább pozitív","negatív","pozitív","pozitív","inkább negatív","tanulás","hasznos","küzdés","szerencse","rossz","inkább pozitív","inkább pozitív","inkább pozitív","semleges","negatív","építő","fontos","megfontolandó","kellemetlen","hasznos","semleges","inkább pozitív","pozitív","negatív","pozitív"
"144","R_3qDz3MET059RBBm","Cél","Erő","Nehézség ","Akadályok","Jutalom","pozitív","pozitív","semleges","inkább negatív","pozitív","Veszteség","Csalódás","Sikertelenség","Reménykedés","Bukás","negatív","negatív","negatív","negatív","negatív","Értékel","Vélemény","Bírálat","Befolyásolás","Jó","semleges","inkább pozitív","negatív","negatív","pozitív"
"145","R_2Y653ZEVAinFRvd","Sikerelmeny ","Teljesítmény ","Önbizalom ","Elkötelezettség ","Élet","pozitív","pozitív","pozitív","pozitív","pozitív","Élet ","Vereség ","Nehéz ","Verseny","Teljesítmény ","pozitív","inkább negatív","semleges","semleges","inkább pozitív","Vélemény ","Rossz","Építő ","Rosszul eső ","Sértő ","inkább negatív","inkább negatív","pozitív","inkább negatív","negatív"
"146","R_2Y4fqeHtFTJdRg1","Teljesítmény ","Sikerelmeny ","Kudarc","Verseny ","Magabiztossag","semleges","pozitív","negatív","semleges","pozitív","Fájdalom ","Önbizalom romboló ","Erősítő (lélekben) ","Teljesítmény","Siker","negatív","negatív","pozitív","pozitív","pozitív","Vélemény ","Romboló ","Építő ","Rosszul eső","Ellentétes","semleges","negatív","pozitív","negatív","semleges"
"147","R_2PaJhSQSp1oZpZj","","","","","","","","","","","","","","","","","","","","","","","","","","","","","",""
"148","R_YRzYqJuNWUHPpAJ","Szívás","Nehéz","Megéri","tervezés","Nyeremény","negatív","inkább negatív","inkább pozitív","inkább pozitív","pozitív","","","","","","","","","","","","","","","","","","","",""
"149","R_1hXTw3hFXsyzvKh","","","","","","","","","","","","","","","","","","","","","","","","","","","","","",""
"150","R_afsiojk2oN1tUmB","stressz","lehetőség","elbukás","próbatétel","fejlődés","inkább negatív","inkább pozitív","negatív","inkább pozitív","pozitív","szégyen","rossz érzés","tanulság","tapasztalat","csalódás","negatív","negatív","pozitív","inkább pozitív","negatív","építő","rossz","észrevétel","rossz megjegyzés","nemtetszés","pozitív","negatív","inkább negatív","negatív","negatív"
"151","R_6PfRgMYepH2lK9z","próba","verseny","küzdelem","tanulás","tapasztalat","inkább pozitív","semleges","semleges","pozitív","pozitív","csalódottság","megfelelés","sikertelenség","vereség","negativitás","inkább negatív","semleges","negatív","inkább negatív","negatív","megfelelés","bírálat","befolyásolás","értékelés","vélemény","semleges","inkább negatív","negatív","inkább pozitív","pozitív"
"152","R_sETydvuRqQm7MRz","","","","","","","","","","","","","","","","","","","","","","","","","","","","","",""
"153","R_1lhkRN8rjGq2nl3","izgatottság","új","felfedezés","gondolkodás","kíváncsiság","pozitív","pozitív","pozitív","pozitív","pozitív","sikertelenség","nehéz","szomorúság","sírás","bukás","negatív","inkább negatív","negatív","negatív","negatív","vélemény","kötekedés","szubjektív","segítség","bántó","semleges","inkább negatív","inkább negatív","pozitív","negatív"
"154","R_1puoWISypAaqLG1","","","","","","","","","","","","","","","","","","","","","","","","","","","","","",""
"155","R_O2uGeiPJ9qJESD7","Feladat","Vetélkedő","Probléma","Megoldandó","Izgalmas","semleges","semleges","inkább negatív","semleges","pozitív","Probléma","Elkeseredés","Fájdalom","Szomorúság","Veszteség","semleges","inkább negatív","negatív","negatív","inkább negatív","Vélemény","Fájdalmas","Főzőverseny","Sértő","Verseny","inkább negatív","negatív","semleges","negatív","semleges"
"156","R_31Ai6BEsj6zVM6D","verseny ","feladat","jutalom ","győzelem ","párbaj ","inkább pozitív","semleges","pozitív","pozitív","inkább pozitív","","","","","","","","","","","összeomlás","hierarchia","csapat ","irodalom ","tanulás ","negatív","inkább negatív","inkább pozitív","semleges","inkább pozitív"
"157","R_2ro1a3jpFcXFRf8","Teljesítmény","Sikerélmény","Munka","Fejlődés","Bizonyítás","pozitív","pozitív","semleges","pozitív","pozitív","Bukás","Cserbenhagyás","Újrakezdés","Felülkerekedni","Stresszoldás","negatív","negatív","inkább pozitív","pozitív","inkább pozitív","Csalódottság","Kudarc","Tükör","Hierarchia","Panaszkodás","negatív","negatív","semleges","semleges","negatív"
"158","R_2dnHfQM5D206zqj","ismeretlen","félelem","erő","próba","teljesítmény","semleges","inkább negatív","semleges","semleges","inkább pozitív","feladás","meghátrálás","gyengeség","ismétlődés","bátorság","negatív","negatív","inkább negatív","semleges","inkább pozitív","család","teljesítmény","írás","önértékelés","mérce","semleges","inkább pozitív","pozitív","semleges","semleges"
"159","R_5iGy2SWO9ERCAH7","türelem","kitartás","erő","feladat","elhivatottság","pozitív","pozitív","pozitív","semleges","pozitív","szomorúság","unalom","reménytelenség","önbizalomhiány","csalódottság","negatív","negatív","negatív","negatív","negatív","negatív","vélemény","teljesítmény","szó","visszajelzés","negatív","semleges","inkább pozitív","semleges","semleges"
"160","R_RyiDjpCoX9roZIR","Kitartás","Feladat","Nehéz","Erő","Munka","pozitív","semleges","inkább negatív","pozitív","inkább pozitív","Csalódás","Lehetőség","Szomorúság","Fájdalom","Sírás","negatív","pozitív","negatív","negatív","negatív","","","","","","","","","",""
"161","R_WCX8TPalttzjB8B","","","","","","","","","","","","","","","","","","","","","","","","","","","","","",""
"162","R_27QFNjrZVqI5icN","utazás","munkahely","kutatás","sport","izgalom","pozitív","inkább pozitív","semleges","pozitív","pozitív","bukás","iskola","siker","tanóra","élet","negatív","inkább negatív","pozitív","semleges","inkább pozitív","negatív","pozitív","építő","iskola","irodalom","negatív","pozitív","inkább pozitív","semleges","inkább pozitív"
"163","R_1QEewNOT9ChriHI","Motiváltság","Célok","Önbizalom","Kemény munka","Siker","pozitív","inkább pozitív","pozitív","semleges","pozitív","Szomorúság","Céltalanság","Rosszkedv","Érdektelenség","Irigység","inkább negatív","inkább negatív","negatív","negatív","negatív","Negatív ","Pozitív ","Hasznos","Segítség","Hátráltatás","negatív","pozitív","inkább pozitív","inkább pozitív","inkább negatív"
"164","R_2YxHYVGkkniN1hH","nehézség","fejlődés","tanulás","próba","teszt","inkább pozitív","pozitív","pozitív","inkább pozitív","pozitív","félelem","bukás","szégyen","sírás","újra","negatív","negatív","negatív","negatív","inkább pozitív","társadalom","társak","elvárás","megfelelés","rosszindulat","semleges","semleges","inkább negatív","inkább negatív","negatív"
"165","R_2q8GoqBBK3s0H6G","iskola","egyetem","vizsga ","pályakezdőfizetés","felkelni","semleges","inkább pozitív","inkább negatív","negatív","negatív","kukac","giliszta","kukacbukac","nyalóka ","cukor","inkább negatív","inkább negatív","pozitív","inkább pozitív","inkább pozitív","karika","paprika","paradicsom ","pizza","pomodoro","inkább negatív","semleges","inkább pozitív","pozitív","pozitív"
"166","R_1M0t6n7wIpDJTAT","","","","","","","","","","","","","","","","","","","","","","","","","","","","","",""
"167","R_6DL8h53OuMoKMRX","Megpróbáltatás","Nyereség","Bukás","Csapatmunka","Fejlődés","pozitív","pozitív","inkább negatív","semleges","inkább pozitív","","","","","","","","","","","Tanulás","Fejlődés","Előny",".",".","inkább pozitív","inkább pozitív","inkább pozitív","semleges","semleges"
"168","R_10MWQDarVk9QOoZ","Munkahely","Harmonikus párkapcsolat fenntartása","Anyagibiztonság érzetét el elérése","Embernek maradni a mai világban","Mindig jót főzni :)","inkább pozitív","pozitív","semleges","pozitív","pozitív","","","","","","","","","","","","","","","","","","","",""
"169","R_1Nh1V5Edk77E6yY","behívás","lehetőség","küzdelem","erő","fejlődés","semleges","pozitív","inkább pozitív","pozitív","pozitív","szomorúság","bánat","odaadás","bírálat","szeretet","inkább negatív","inkább negatív","pozitív","negatív","inkább pozitív","ócsárolás","javítás","építés","frusztráció","elégedetlenség","inkább negatív","pozitív","pozitív","inkább negatív","semleges"
"170","R_6MDeG8lTq7YL3Vv","","","","","","","","","","","","","","","","","","","","","","","","","","","","","",""
"171","R_1pFlhEqYLBoHiGw","Társaság","Csikó","Munka","Otthon","Kapcsolatok","negatív","pozitív","inkább negatív","inkább pozitív","negatív","Élet","Család","Iskola","Barátok","Sport","negatív","inkább negatív","inkább negatív","negatív","negatív","","","","","","","","","",""
"172","R_2xKSBJQGBOYC9Ad","cél","tanulás","lehetőség","kudarc","siker","pozitív","pozitív","pozitív","inkább negatív","pozitív","továbblépés","élet","próba","cél","fejlődés","pozitív","semleges","inkább pozitív","pozitív","pozitív","építő","segítség","fejlődés","tanulás","mentor","pozitív","pozitív","pozitív","pozitív","inkább pozitív"
"173","R_3MAnBDfY7E0psF2","verseny","ellenfél","akadály","elhivatottság","akarat","inkább pozitív","inkább negatív","negatív","pozitív","pozitív","szorongás","csalódottság","stressz","hiba","szomorúság","negatív","negatív","negatív","inkább negatív","negatív","fejlődés","zavartság","rosszindulat","bizonyítás","építő","pozitív","inkább negatív","negatív","pozitív","pozitív"
"174","R_3iqWATJe3Vdt8vK","Tanulás","Munka","Család","Magabiztosság","Bizalom","inkább negatív","inkább negatív","negatív","inkább negatív","inkább negatív","Depresszió","Corvinus","Magyarország","Család","Tanulás","negatív","negatív","negatív","negatív","negatív","Érvelés","Tanulás","Nehéz","Érett","Tekintélyszemély ","pozitív","pozitív","inkább negatív","inkább pozitív","pozitív"
"175","R_3QGDzHnSzd2KNEJ","meccs","csapat","ero","kudarc","fejlodes","semleges","semleges","pozitív","negatív","inkább pozitív","","","","","","","","","","","ujsag","rossz","nok","tanar","epito","semleges","negatív","inkább negatív","inkább negatív","pozitív"
"176","R_1K6XTk1plBtUVTz","Akadály ","Nehézség ","Fejlődés ","Öröm ","Bizonyítás","inkább negatív","inkább negatív","pozitív","pozitív","pozitív","","","","","","","","","","","Pozitív ","Negatív ","Fejlődés","Lehetőség","Megfogad","pozitív","negatív","pozitív","pozitív","pozitív"
"177","R_2CQGp3sA6vS3Jo5","Küzldelem","Kudarc","Győzelem","Teljesítmény","Véghezvitel","pozitív","negatív","pozitív","semleges","inkább pozitív","Csalódas","Elégtelen","Lelkiismeretfurdalás","Fájdalom","Újrakezdés","negatív","inkább negatív","inkább negatív","negatív","pozitív","Megnyilvanulás","Rossz","Jó","Ítélkezés","Vélemény","semleges","negatív","pozitív","inkább negatív","semleges"
"178","R_1q3bE1w0EShYKVE","nehéz","akadály","lehetőség","fejlődés","megoldás","semleges","inkább negatív","pozitív","pozitív","inkább pozitív","újrakezdés","próbálkozás","hiba","kihívás","akadály","inkább pozitív","inkább pozitív","inkább negatív","semleges","inkább negatív","visszajelzés","elismerés","őszinteség","pozitív","negatív","inkább pozitív","inkább pozitív","pozitív","inkább pozitív","inkább negatív"
"179","R_2AFqCwoDMNL8cti","élet","munka","önmegvalósítás","iskola","fejlődés","pozitív","inkább pozitív","pozitív","inkább pozitív","pozitív","élet","munka","iskola","párkapcsolat","lehetőség","pozitív","inkább pozitív","inkább pozitív","pozitív","pozitív","szembesítés","konstruktív","fejlődés","előrelépés","lehetőség","inkább pozitív","pozitív","pozitív","pozitív","pozitív"
"180","R_0ocDYMPGseg2Oid","","","","","","","","","","","","","","","","","","","","","","","","","","","","","",""
"181","R_TiTusqR7QfwTK37","","","","","","","","","","","Felvételi ","Kapcsolatok","Tanarok","Palyazatok","Vizsga","inkább negatív","inkább negatív","negatív","semleges","inkább pozitív","","","","","","","","","",""
"182","R_pmknwsot341I0AV","munka","verseny","játék","intelligencia","internet","pozitív","inkább pozitív","pozitív","pozitív","inkább negatív","lustaság","tapasztalat","pazarlás","csalódás","újrakezdés","inkább negatív","pozitív","negatív","inkább negatív","inkább pozitív","építő","tanulság","szükséges","önbecsülés","újratervezés","pozitív","pozitív","inkább pozitív","inkább pozitív","inkább pozitív"
"183","R_2QnYhRkjqwXYfI7","verseny","ötletelés","próbálkozás","határok","kétség","semleges","inkább pozitív","pozitív","semleges","negatív","bánat","szégyen","újrapróbálkozás","feladás","elfogadás","negatív","negatív","pozitív","inkább negatív","inkább pozitív","elfogadás","közöny","építő jelleg","büszkeség","sértődés","pozitív","inkább negatív","pozitív","inkább negatív","negatív"
"184","R_ZaW2g7Gep7WmWK5","matek","karrier","feladat","házi","egyetem","inkább negatív","pozitív","inkább pozitív","semleges","pozitív","élet","egyetem","munka","játék","barát","inkább negatív","semleges","inkább negatív","semleges","negatív","siker","irigység","munka","szakdolgozat","facebook","inkább pozitív","inkább negatív","inkább pozitív","inkább pozitív","semleges"
"185","R_3qWp8PdEVzgzLjp","","","","","","","","","","","","","","","","","","","","","","","","","","","","","",""
"186","R_qK2gub3jM6smMIF","Nehézség","Feladat","Küzdelem","Stressz","Siker","semleges","semleges","inkább negatív","semleges","pozitív","Csalódás","Újra","Másképp","Motiváció ","Szomorúság ","negatív","semleges","inkább pozitív","pozitív","negatív","Sértődés","Módszer","Építő","Könyv","Átgondolás","negatív","semleges","pozitív","semleges","inkább pozitív"
"187","R_2cAwI6VfFEsJ4eT","","","","","","","","","","","","","","","","","","","","","","","","","","","","","",""
"188","R_10xug2kugN7gRg5","cél","siker","nehézség","akadályok","izgalom","pozitív","pozitív","inkább negatív","inkább negatív","inkább pozitív","felépülés","hiba","nehézség","szükséges rossz","veszteség","pozitív","inkább negatív","semleges","semleges","negatív","építő","bántás","sértettség","újra gondolás","negatív","pozitív","negatív","negatív","pozitív","negatív"
"189","R_1f3IApoZUOtG1c7","Akarat","Megmutathatnék","Esély","Izgalom","Tapasztalat","inkább pozitív","inkább pozitív","pozitív","pozitív","pozitív","Reménytelen","Veszteség","Esélytelen","Mélypont","Csata","negatív","negatív","negatív","negatív","semleges","Vélemény","Ellenszenv","Megalázó","Leértékel","Fontos","semleges","negatív","negatív","negatív","inkább negatív"
"190","R_338ZNJnVMurT8gI","Küzdelem","Kitartás","Akadály","Próbatétel","Megpróbáltatás","semleges","pozitív","semleges","semleges","inkább pozitív","Sikertelenség","Csalódás","Hiba","Negatív","Akadály","negatív","inkább negatív","semleges","negatív","inkább pozitív","Vélemény","Értékelés","Bírálat","Minősítés","Visszajelzés","semleges","inkább pozitív","inkább negatív","inkább negatív","inkább pozitív"
"191","R_2fjLZ2GuaaodpSJ","cél","erõbefektetés","öszpontosítás","rendezettség","türelem","inkább pozitív","semleges","inkább pozitív","inkább pozitív","pozitív","bukás","letörtség","lehetõség","sikertelenség","önhibáztatás","inkább negatív","negatív","inkább pozitív","negatív","negatív","épülés","szurkálódás","szõrszálhasogatás","javulás","javítás","pozitív","inkább negatív","inkább negatív","inkább pozitív","pozitív"
"192","R_ulXcPrxH9eK7GkV","bátorság","új feladatok ","fejlődés","céltudatosság","nehézség","inkább pozitív","semleges","pozitív","pozitív","inkább negatív","csalódás","hibázás","elrontott feladatok ","szomorúság","negatív érzés","negatív","inkább negatív","inkább negatív","negatív","negatív","alábecsülés","építő jellegű","becsmérlés","megalázás","segítség","negatív","pozitív","negatív","negatív","inkább pozitív"
"193","R_bI5lS1wUW4qq7mx","","","","","","","","","","","","","","","","","","","","","","","","","","","","","",""
"194","R_3emdwqHbqUog7sx","küldetés","megoldandó","szembenézés","kitartás","akaraterő","inkább pozitív","pozitív","semleges","inkább pozitív","pozitív","sikertelenség","csalódás","balsiker","meghiúsulás","balszerencse","negatív","negatív","negatív","negatív","negatív","bírálat","pozitív","negatív","udvarias","megosztó","semleges","pozitív","negatív","pozitív","semleges"
"195","R_2vZBLT8SXBn0ZND","küzdés","akarat","feladat","próbatétel","nagy dolog","inkább pozitív","inkább pozitív","inkább pozitív","inkább pozitív","semleges","csalódás","probléma","negatív dolog","kellemetlen érzés","csalódottság","negatív","negatív","negatív","inkább negatív","negatív","pozitív","negatív","beszámoló","írás","vélemény","pozitív","negatív","inkább negatív","inkább negatív","negatív"
"196","R_1gngtOqiAvJv8F7","Szorongás","Túllépés","Elengedés","Kudarc","Akadály","negatív","pozitív","inkább pozitív","negatív","inkább negatív","Félelem","Tanulás","Kapcsolat","Munka","Barátság","negatív","pozitív","pozitív","inkább pozitív","pozitív","Film","Gondolkodás","Művészet","Nyers","Építő","semleges","pozitív","pozitív","inkább negatív","pozitív"
"197","R_Tn1JPPmeCImKEEx","","","","","","","","","","","","","","","","","","","","","","","","","","","","","",""
"198","R_0P4vcdlzGFmD1Xb","","","","","","","","","","","","","","","","","","","","","","","","","","","","","",""
"199","R_bKkbO2ECzMFZRWp","próbatétel","időtöltés","siker","sikertelenség","mérkőzés","inkább pozitív","pozitív","pozitív","negatív","semleges","bukás","sikertelenség","csalódás","bizonyítási vágy","hiba","negatív","negatív","negatív","inkább pozitív","negatív","kritizálás","negatív vélemény","ösztönzés","megítélés","pozitív vélemény","negatív","negatív","inkább pozitív","negatív","pozitív"
"200","R_21FW1j1x3KZ8vOz","feladat","munka","nehézség","jutalom","próba","semleges","inkább negatív","inkább negatív","pozitív","inkább pozitív","csalódás","fájdalom","letört","tapasztalat","tanulás","negatív","negatív","negatív","inkább pozitív","pozitív","vélemény","tanulás","fejlődés","emberek","reflekció","semleges","inkább pozitív","pozitív","semleges","inkább pozitív"
"201","R_3KOpKCNnHq9iqk7","","","","","","","","","","","","","","","","","","","","","","","","","","","","","",""
"202","R_3Pq2PoPDbtcaKsq","motorozás","jogosítvány","forgalom","gyakorlás","felkészülés","pozitív","pozitív","inkább pozitív","inkább pozitív","inkább pozitív","nem jó","vizsga","egyes","felkészületlenség","szomorúság","negatív","inkább negatív","negatív","negatív","negatív","építő","műfaj","irodalom","bántó","gondolkodás","inkább pozitív","semleges","inkább pozitív","negatív","pozitív"
"203","R_diJXBoAZkchXHHj","feladat","párbaj","-","-","-","inkább pozitív","semleges","semleges","semleges","semleges","vizsga","harc","szerelem","kardvívás","állapot","negatív","semleges","pozitív","semleges","semleges","film","zene","vita","divat","könyv","pozitív","pozitív","semleges","semleges","pozitív"
"204","R_Uxq5DHoDlIHG8M1","új","küzdelem","siker","kudarc","ellenfél","inkább pozitív","pozitív","pozitív","negatív","semleges","vereség","hiábavaló","újra","pénz","rossz","negatív","inkább negatív","semleges","semleges","negatív","átgondol","negatív","tanár","javít","fejlődik","semleges","negatív","inkább negatív","inkább pozitív","inkább pozitív"
"205","R_1hQmHg2GBdZcG4A","","","","","","","","","","","","","","","","","","","","","","","","","","","","","",""
"206","R_eVSDVJ7H3rKlKPT","","","","","","","","","","","","","","","","","","","","","","","","","","","","","",""
"207","R_ekQsaUAOiwUlYcN","legyőzni a szorongásom","koncentrálni","ismerkedni","lemondani dolgokról","elengedni embereket","negatív","pozitív","pozitív","semleges","semleges","","","","","","","","","","","","","","","","","","","",""
"208","R_25WTsUtTSuLWy5F","harc","győzelem","ellenfél","fejlődés","tanulás","negatív","pozitív","inkább negatív","pozitív","pozitív","bukás","szorongás","feldolgozás","demotiváltság","szégyenérzet","negatív","negatív","inkább pozitív","negatív","negatív","sértettség","hiba","fejlődés","esély","javítás","negatív","inkább negatív","pozitív","pozitív","pozitív"
"209","R_24eBGyvblPZWhqS","","","","","","","","","","","","","","","","","","","","","","","","","","","","","",""
"210","R_6LNZY6tIk8czz0J","","","","","","","","","","","","","","","","","","","","","","","","","","","","","",""
"211","R_2t2UBOgb3XdLxNp","","","","","","","","","","","","","","","","","","","","","","","","","","","","","",""
"212","R_Tiwbh0DXaMKK6o9","","","","","","","","","","","","","","","","","","","","","","","","","","","","","",""
"213","R_W8uRFI3Y7merB3b","Siker","Büszkeség","Helyezés","Idő","Verseny","pozitív","pozitív","pozitív","semleges","pozitív","Sikertelenség","Bukás","Csalódottság","Hiány","Belefektetett idő","inkább negatív","negatív","semleges","negatív","semleges","Megjegyzés","Megvetés","Jellemzés","Másság","Elfogadás","semleges","inkább negatív","inkább pozitív","negatív","pozitív"
"214","R_3gXctDs8XNEDRp1","Lehetőség","Jövő","Türelem","Idő","Kaland","pozitív","pozitív","pozitív","pozitív","pozitív","Nehézség","Veszteség","Próba","Lehetőség","Esély","negatív","negatív","inkább pozitív","pozitív","pozitív","Írás","Pozitív","Fejlődés","Negatív","Iskola","pozitív","pozitív","pozitív","negatív","inkább pozitív"
"215","R_UliC14eokpHWWMp","szakdolgozat","vizsga","egyetem","munka","tanulás","semleges","inkább negatív","semleges","semleges","semleges","matematika","iskola","szomorúság","szülők","csalódás","semleges","semleges","negatív","semleges","negatív","iskola","egyetem","negatív","tanulás","dolgozat","semleges","semleges","negatív","semleges","inkább negatív"
"216","R_rkBzHPeJJpB8lXj","","","","","","","","","","","","","","","","","","","","","","","","","","","","","",""
"217","R_1cTcxszJAyJBlFC","","","","","","","","","","","","","","","","","","","","","","","","","","","","","",""
"218","R_1FOKJjzH7VZR4iw","","","","","","","","","","","","","","","","","","","","","","","","","","","","","",""
"219","R_27BcOwAFpTcZMls","","","","","","","","","","","","","","","","","","","","","","","","","","","","","",""
"220","R_2bNaaGQUe3YRwer","","","","","","","","","","","","","","","","","","","","","","","","","","","","","",""
