"","id","challenge_1","challenge_2","challenge_3","challenge_4","challenge_5","att_challenge_1","att_challenge_2","att_challenge_3","att_challenge_4","att_challenge_5","criticism_1","criticism_2","criticism_3","criticism_4","criticism_5","att_criticism_1","att_criticism_2","att_criticism_3","att_criticism_4","att_criticism_5"
"1","r_3ql5xkhrsfmgrv0","erö","megfelelés","önismeret","kényszer","gyözelem",5,2,5,3,4,"rosszindulat","átgondolás","önismeret","elöadásforma","tapintat",1,5,5,3,5
"2","r_23nclpvx4sb9dgt","érdekes","nem unalmas","változatosság","nehézségek","siker",5,5,5,2,5,"visszajelzés","ötletek","félelem","értékelés","más szemlélet",5,5,1,3,4
"3","r_20tex6wnivnd9zc","kaland","móka","energia","fárasztó","ismeret",5,5,5,2,4,"előbbrevitel","támogató","őszinte","gonosz","lehúzó",5,5,5,1,1
"4","r_2caxnyvxc1zwa8i","munka","fáradság","fejlődés","nehézség","kitartás",2,2,4,2,4,"építő","romboló","visszatartó","mindenki","viszolygás",4,1,2,2,1
"5","r_25zlqt1cvltwqgj","adrenalin","stressz","fejlodes","presztizs","jutalom",4,2,4,5,5,"fejlodes","epules","tamadas","javulas","folyamat",5,5,1,4,3
"6","r_old88k73xjcl6lh","feladat","fejlődés","lehetőség","mérce","idegesség",3,5,5,2,1,"ijedtség","fejlődés","düh","megfontolás","javítás",2,4,1,5,5
"7","r_3r95hvf7ojpatli","fejlődés","akadály","ugrás","feladat","growth mindset",5,3,4,3,5,"építő","feedback","rosszindulatú","tanulás","fejlődés",5,5,1,5,5
"8","r_1dnwjwsgjgosfth","verseny","cél","előrelépés","gondolkozni","csinálni",5,5,5,4,5,"rossz","jó","fejlődési lehetőség","javítás","összeomlás",1,5,5,4,1
"9","r_agvnfpmowfwtdkt","időbeosztás","pénzügy","öröm","határidő","akadály",2,1,5,2,4,"lelkiismeret","teljesítmény","munka","tanulság","mentor",2,4,3,5,5
"10","r_1f3lpucaahmh10s","lehetőseg","előrelépés","önállóság","izgalom","segítség",5,5,5,4,4,"család","társadalom","változás","kitartás","erő",5,3,4,5,5
"11","r_uwqo4ummwsfjisj","probatetel","elegseges","teljesites","megprobaltatas","siker",4,4,4,4,5,"epito","fejleszto","vitriol","elvorosodes","hallgatas",4,4,1,2,4
"12","r_wxpewduiipc9fvv","újdonság","ismeretlen","lehetőség","kalandvágy","nehézség",4,3,5,5,2,"tanulás","visszajelzés","elgondolkodtató","kellemetlen","bántó",5,4,4,2,1
"13","r_1jwhbl7k275soaw","feladat","lehetőség","munka","próba","fejlődés",3,5,4,3,5,"őszinte","értékelés","negatív","pozitív","vélemény",4,3,1,4,3
"14","r_1jv5oanh1wtmxnq","kaland","energia","növekedés","élet","elte",5,5,5,4,4,"vélemény","gondolat","ötlet","építő","romboló",3,4,5,5,1
"15","r_3mmwwrvv279uwkx","félelem","izgalom","vezetés","komfortzóna","pánikzóna",1,4,2,3,1,"konstruktív","építő","negatív","konfliktus","fejlődés",5,5,1,3,5
"16","r_3szdtb5rx14ovng","lehetőség","feladat","nehézség","küzdelem","izgalom",5,3,2,2,5,"építő","fejlődés","negatív","belekötés","bírálat",5,5,1,1,2
"17","r_1nyoiuby364kqqv","fejlödés","eredmény","munka","küzdés","cél",5,5,4,3,4,"önkritika","udvariasság","kritikus gondolkozás","piszkálódás","film",3,5,5,2,3
"18","r_31abpqhafgraqjt","eredmény","fejlődés","lehetőség","kompetencia","bizonyítás",4,5,4,5,2,"hiba","elutasítottság","szerethetetlenség","megsemmisülés","szociális izoláció",1,1,1,1,1
"19","r_2uwza3zfh2aksi4","merni","ijesztő","munka","fejlődés","erő",4,3,5,5,3,"vita","védekezés","építő","lehúzó","tanulás",2,1,5,1,5
"20","r_25yywtdjy72dtwm","elhivatottság","cél","kitartás","problémák","félelem",4,5,4,2,2,"film","hivatás","érzék","nyomás","megfelelés",3,4,4,2,3
"21","r_2vikpep6va6qti9","megmérettetés","vágyakozás","versengés","elhivatottság","siker",5,4,3,5,5,"hasznos","fejlődés","szemléletváltás","segítség","építő",5,5,4,4,5
"22","r_3rthrgsjcpabhde","nehézség","teljesítés","kaland","kudarc","eredmény",2,3,5,1,3,"fájdalom","félelem","nehézség","éles","kudarc",1,1,2,1,1
"23","r_3qvvvittiprzf9c","teljesítmény","feladat","ügyesség","izgalom","flow",5,5,5,5,5,"gondolkodás","szemlélet","anya","szorongás","teljesítés",5,5,2,2,2
"24","r_1gdrxdycc7uvan0","siker","munka","gyereknevelés","verseny","érdekes",5,4,4,4,5,"építő","szükséges","fejlődés","jogos","kitől",4,4,5,4,3
"25","r_5o3qodf30tzwkqt","jutalom","tehetség","kreativitás","öröm","cél",5,5,5,5,5,"téves","gyors","sztereotípia","segítség","fejlődés",2,2,2,5,5
"26","r_2wtcjlnku298enb","lehetőség","kockáztatás","bátorság","ismeretlen","kaland",5,2,5,3,4,"önbecsülés","visszajelzés","hiba","javítás","vélemény",5,3,2,4,3
"27","r_2xdr4n3kh38vdk2","teljesítmény","adrenalin","bizonytalanság","feladat","ambivalencia",2,5,1,2,2,"környezet","önreflexió","értékelés","elbizonytalanodás","lelombozás",5,5,4,1,1
"28","r_yydjyxexznbzwml","küzdelem","nehézség","fejtörés","erőfeszítés","verseny",3,1,2,2,3,"rossz","negatív","nem tetszés","véleményezés","építő jelleg",1,1,1,3,5
"29","r_3ir1sno2udd21ir","erő","önbizalom","akaraterő","izgalom","várakozás",5,5,5,3,3,"fájó","hasznos","érdekes","elgondolkodtató","szükséges",1,5,3,3,3
"30","r_2cnccxxqjtfahbq","nehézség","kitartás","sikerélmény","kudarc","élet",4,5,5,1,4,"konstruktív","ítélkező","segítség","rosszindulatú","fejlődés",5,1,5,1,5
"31","r_uzi87zpnvrgbflj","fejlődés","nehézség","újdonság","megmèrettetès","párbaj",5,3,4,4,3,"tanács","megvetés","visszajelzés","vélemény","sértés",5,1,4,4,1
"32","r_1c3ld5yonjeg2d8","cél","munka","energia","eltökéltség","megoldás",4,4,5,5,5,"őszinte","megbotránkoztató","építő","jellegzetes","profi",5,2,5,5,5
"33","r_5su9sb0r1nvtkiz","munka","gondolkodás","eredmény","mérce","siker",3,4,5,3,5,"pozitív","negatív","építő","romboló","csúfolódás",5,1,5,1,1
"34","r_pzvoacfsh8jxvxl","bizonyítás","élmény","nehézség","versengés","feladat",5,5,2,4,4,"tanár","filmkritika","cinikus megjegyzés","intelligencia","negatívum",3,4,1,5,1
"35","r_3genhotqsehtluw","pozitivitas","kreativitas","új dolgok","motiváció","siker",5,5,4,4,5,"negatív","pozitív","építő jellegű","gonoszság","irigység",1,5,5,1,1
"36","r_ulmvzgtdpb0bsrx","elszántság","kitartás","tapasztalat","idő","küzdeni",5,5,5,3,4,"negatív","pozitiv","tehetség","művészet","befolyásolás",1,5,3,3,2
"37","r_3ikft8jlyh9sf00","utazás","megfelelés","aláírás","jövedelem","célok",5,4,1,4,5,"párkapcsolat","család","barátok","idegenek","önmagam",5,4,3,1,4
"38","r_1jltyi6u5kfrytt","cél","kitartás","élmény","pozitivitás","erö",5,5,3,5,5,"megfelelés","sztereotípia","kényszer","vélemény","változás",2,2,1,3,3
"39","r_vrfgx9pk3tx4dfd","tanulás","cél","erőfeszítés","eredmény","kitartás",4,4,3,5,5,"vélemény","kritizálás","dícséret","romboló","építő",3,1,5,1,5
"40","r_sbxx9gxiijzfi1x","feladat","erőpróba","cél","motiváció","fejlődés",4,5,5,5,5,"vélemény","észrevételek","benyomás","megítélés","bírálat",3,3,3,3,3
"41","r_2tnhczahpdhlypf","feladat","kitartás","siker","próbálkozás","izgalom",3,5,5,3,4,"hiba","javítás","építő","kéretlen","munka",1,4,5,1,3
"42","r_4je2elrjncwh6m1","egyetem","kollegium","tanulas","bionika","oktatok",2,3,2,1,2,NA,NA,NA,NA,NA,NA,NA,NA,NA,NA
"43","r_2v35tsmipx04xpv","h","h","h","h","h",3,3,3,3,3,"ez","k","a","t","a",1,2,3,3,4
"44","r_50bhhutd64kt1uh","nehézség","újdonság","fejlődés","érdekesség","munka",2,4,5,4,3,NA,NA,NA,NA,NA,NA,NA,NA,NA,NA
"45","r_apxfqydes0m9zl7","lehetőség","képesség","feladás","probléma","megoldás",5,5,1,3,3,"negatív","őszinteség","pozitív","változtatás","hiba",1,5,5,4,3
"46","r_1d1cegj0aeuvx84","verseny","kudarc","siker","erő","hegy",4,4,4,4,4,"negatív","vélemény","fejlesztés","lenézés","félelem",1,3,NA,2,1
"47","r_1lt0pg3qeldydtn","feladat","teljesítmény","siker","megmérettetés","stressz",4,4,5,3,1,"hiba","hiányosság","sértés","javítási lehetőség","elvárás",1,3,1,5,3
"48","r_1fjjaazyqrlv2sc","challenge","versenyzés","ellenfelek","feladat","nehéz",4,2,2,4,2,"vélemény","építő jelleg","féltékenység","irigység","tanulni belőle",3,4,2,1,4
"49","r_1m3pzjaevckaxlo","nehezseg","feladat","munka","élmény","akarat",3,3,3,3,3,"építő","rossz","jó","munka","feladat",3,3,3,3,3
"50","r_3k7dwazo8avso8x","akadályok","új lehetőség","megugrás","harc","küzdelem",3,4,4,2,3,"fejlődés","vélemény","határozottság","negatív","becsmérlés",5,3,4,1,2
"51","r_3ehueyrx4hrvyxg","tanulás","idő","nehézség","újdonság","elfoglalt",4,2,2,4,1,"dícséret","szidalmazás","ösztönzés","javítás","fejlesztés",5,1,5,5,5
"52","r_qovsyl4bn6n6bo5","munka","videojáték","élet","házasság","egzisztencia",2,4,3,2,2,"barátok","munkahely","társadalom","család","filmek",2,4,1,4,4
"53","r_2eaqoe8jsbr2kwk","erősít","lehetőség","uj perspektíva","kétélű penge","pozitív",4,5,4,3,5,"konstruktív","asszertiv","fejlesztő","jobbnak lenni","jóindulatú",4,4,4,4,4
"54","r_25sfs8avonrxz4i","verseny","nehéz","mosoly","csapat","jövő",3,2,4,4,3,"negatív","tudományos","újság","férfi","akadály",2,4,5,4,2
"55","r_3qkeqppohj1s2hu","büszkeség","nehéz","próba","bizonyítás","haladás",5,4,4,4,5,"fáj","tanulás","makacs","fejlődés","haladás",1,4,2,5,5
"56","r_29vmx3qpjv0xkht","verseny","izgalom","próba","nemmindenapi","újdonság",3,4,3,4,4,"próba","rossz","jó","igyekvés","tűrés",4,2,4,4,4
"57","r_2uvygrxcde4kuxd","elbukás","szenvedés","pánikroham","rosszullét","sírás",1,1,1,1,1,"fájdalom","önbizalomesés","emlékeztető","elkeseredettség","önutálat",1,1,4,2,1
"58","r_rdltxyey3fxokwf","lehetőség","siker","újdonság","ismeretlen","megpróbáltatás",5,5,3,2,4,"építő","bátorító","negatív","pozitív","hiba",5,5,1,5,2
"59","r_3ehuj12vxhdbr17","nehéz","rewarding","kimozdít","szorongás","fejlődés",2,5,4,1,5,"negatív","építő","nehéz","kell","jég",1,5,2,3,2
"60","r_3le8leavdi0clla","sport","kűzdelem","verseny","siker","önismeret",3,4,5,5,5,"bírálat","hírnév","önbecsülés","szabadság","szégyen",2,3,4,4,2
"61","r_1nxjjoeji5xboal","feladat","erő","kitartás","kreativitás","idő",3,5,5,5,2,"negatív","könyv","kultúra","vélemény","írás",1,3,5,4,3
"62","r_rvtpxfw2b7gxcdr","eredmény","nehézség","fejlődés","kudarc","elszántság",5,2,5,1,5,"sértettség","fejlődés","javítás","haladás","koncentrálás",1,5,5,5,4
"63","r_1fziisortfqjni3","doga","vizsga","élet","munka","szerelem",2,1,4,3,4,"építő","ítélkezés","film","család","kritikus",5,1,4,4,3
"64","r_1r6xz9tagk34yrf","versengés","törekvés","teljesítés","versenyszellem","maximalizmus",4,4,5,4,5,"negatívum","pozitívum","sértődöttség","támadás","fejlődés",1,5,2,1,4
"65","r_xejigjpnjykaeat","nehéz","erő","akadály","próba","előrelépés",3,5,3,4,5,"előítélet","igazság","meggondolatlanság","példa","segítség",1,5,1,5,5
"66","r_2v2u3oatbrssfuc","túlélni","megmaradni","anal1","algo1","jocó",2,2,5,5,5,"orbán","hök","puzsér","hazugság","kampány",1,3,3,1,2
"67","r_3kvk4hjral0xsxh","nehéz","lehetőség","alkalmas","motiváció","erőfeszítés",1,4,4,5,5,"hiba","megalázás","probléma","segítség","kötekedés",1,1,2,5,1
"68","r_1exhdkozxtd4yy9","tanulmány","teljesítési vágy","sport","erőfeszítés","cél",4,4,4,2,5,"építő jelleg","megalázás","teljesítmény","munka","vélemény",5,1,3,3,3
"69","r_d4imzm7cua8cam5","lehetőség","cél","kudarc","akarat","szorgalom",4,3,1,4,4,"vélemény","segítség","fejlődés","jóindulat","jellemzés",3,4,5,5,3
"70","r_30pwnmhrau6nqpt","rajz","labor","alkotni","sport","torta",5,4,5,4,5,"kesztyű","mosogató","szülők","tanár","főzés",3,2,2,2,2
"71","r_1qans2r1pyki7hm","mindennapok","egyetem","munka","időbeosztás","pénzszerzés",5,3,3,3,3,"vélemény","fejlődés","sértő","hasznos","több nézőpont",4,5,1,5,5
"72","r_1qv66yuseqqix34","siker","küzdés","nehézség","erő","boldogság",5,5,3,5,5,"pozitív","negatív","bántó","teljesítés","fejlődés",5,1,1,4,5
"73","r_26nkpirh0bjnrm8","nehéz","megéri","fejlődés","bátorság","eredmény",4,5,5,4,5,"építő","nyomás","fájdalmas","nehéz","fejlődés",4,1,2,2,5
"74","r_1dhyuba6ymvkvy6","építő","nehézség","élet","kitartás","verseny",5,4,5,5,4,"pozitív","negatív","építő","romboló","baráti",5,1,5,1,5
"75","r_2xchskbxtbomzrr","kaland","élmény","tudás","próbatétel","siker",4,4,5,2,5,"bántás","félelem","kötekedés","tanulás","értékelés",1,1,1,4,4
"76","r_1gtwliktcgpk4a4","életem","siker","szeretem","bizonyiték","sok",4,5,5,5,2,"irodalom","írás","én","mások","építő",5,5,3,2,5
"77","r_4otavcbspbb4x3b","próba","eredmény","lehetőség","megoldás","életesemény",1,4,4,4,5,"probléma","tulajdonság","hibázás","vélemény","építkezés",1,1,1,4,5
"78","r_1oostqkhdf8gsmr","feladat","siker","gondolkodás","folyamat","bizonyítási lehetőség",5,5,3,3,4,"motiváció","önbecsülés","énkép","értékek","bosszúvágy",5,5,5,5,1
"79","r_2wttq3ue56ptqec","gyerekek","új feladat","szembeszegülés","egyetem","óvoda",5,5,2,5,5,"egyetem","tanárok","apa","szemléletváltás","segítés",4,3,5,5,5
"80","r_33byin42memc5b6","probléma","nehéz","megoldás","próbálkozás","siker",3,3,4,3,5,"vélemény","negatív","építő jellegű","értékelés","érzések",3,1,5,3,3
"81","r_1fcqebbsgmsv3tq","cél","teljesítmény","erő","akarat","siker",4,4,3,4,5,"segítség","megbántás","szigorú","vélemény","elfogadás",5,1,2,3,5
"82","r_2ehfk6qhihu9h3e","motiváció","cél","feladat","korlátok","határok",5,5,3,4,4,"vélemény","pozitív","negatív","fájdalom","igazságtalanság",4,5,4,1,1
"83","r_1nqpbjsgsra8axh","küzdelem","feladat","izgalom","nehézség","harc",5,3,5,2,4,"építő","segítség","értékelés","rossz","vélemény",5,5,4,1,3
"84","r_2ssdj9tulhpuxsu","új szituáció","erőfeszítés","új","tudás invesztálás","próba",NA,5,4,5,4,"visszajelzés","szeretettel","előremutató","pozitív v negatív","tudás átadás",4,5,4,3,5
"85","r_33srjp19th8wgpq","erő","nehézség","akadály","motiváció","nekifutás",5,4,4,5,5,"változtatni","változni","átgondolni","megpróbálni","stop",5,5,5,5,4
"86","r_1hyapgehjjyyurr","ambició","erő","félelem","megmozgat","ijesztő",5,4,2,4,1,"építő","bántó","kötekedő","ijesztő","félelmetes",4,2,2,1,1
"87","r_0ums9bpcfsuizdf","ügyesség","edzés","intelligencia","tanulás","élet",4,5,5,4,4,"média","politika","újság","civil","film",3,2,3,5,5
"88","r_3fojy0urre5bsy3","kaland","nehéz","munka","gürcölés","feladat",4,2,1,1,3,"építő","romboló","szégyen","fejlődés","rosszindulat",4,1,1,4,1
"89","r_2ojhye0ixqji9lh","motiváció","fejlődés","siker","stressz","támogatás",5,5,5,2,4,"építő","rosszindulatú","makacsság","változás","önbizalom",4,2,4,3,4
"90","r_5tnabehwnfqrorx","felkészülés","teljesítés","küzdelem","akaraterő","nehézség",3,4,4,5,3,"konstruktív","építő","tanulás","bántás","pontszám",5,5,5,1,2
"91","r_1f1vsiqjiakwiqr","versenyszellem","új lehetőség","stressz","önbizalom","időhiány",4,5,2,5,1,"elvárás","félelem","jutalom","büszkeség","fejlesztés",3,2,4,5,5
"92","r_1p5xp6vqelvz8bq","motiváció","próbatétel","megmérkőzés","verseny","teljesítés",5,5,4,4,5,"pozitív kritika","negatív kritika","segítőszándék","kritizálás","előrelépés",5,1,5,1,5
"93","r_12y86f4vfi5a9u9","feladat","újdonság","megmérettetés","próba","tanulás",3,4,3,3,3,"színház","film","mozi","újság","negatív",5,5,5,5,1
"94","r_3d0gsurl8htncef","izgalom","nehézség","igyekezet","küzdelem","komfortzóna",3,2,4,5,4,"építő","negatív","tanulság","vélemény","lecke",5,1,4,4,5
"95","r_08rnd1rcrmykj3h","feladat","kitartás","megpróbáltatás","bizonyítás","akarat",3,4,3,4,4,"bíráskodás","visszajelzés","értékelés","minősítés","pontozás",3,4,4,3,3
"96","r_3hsbixyggnsrnlf","hajrá","gyerünk","lehetséges","tehetség","tett vàgy",5,5,4,5,5,"jó","hasznos","figyelem","hagyni","biztatás",5,5,5,3,5
"97","r_ussrg7fkqske8cv","nehéz","győzelem","siker","kitartás","kudarc",3,4,5,4,1,"hiba","negatív","építő","javít","tanács",2,1,5,4,4
"98","r_3oxc4hh5eb5ettq","feladat","kaland","motiváció","komfortzóna","tanulság",3,4,5,4,5,"gondolkodás","értelmezés","ítélkezés","építő","látásmód",5,5,2,5,3
"99","r_1klhlmiuoa171zi","problémás","lehetőség","fejlődés","elakadás","vállalkozás",2,4,5,2,3,"pozitív","építő","visszajelzés","változó","rossz",5,5,3,3,NA
"100","r_3dficufd5k1qhmg","teher","izgalom","csalódás","öröm","jutalom",2,4,2,5,5,"negatív","csalódás","rossz","fejlődés","teher",1,1,1,5,1
"101","r_20pzgb6keb05l5k","siker","akadályok","bátorság","kitartás","fejlődés",5,2,4,5,5,"társadalom","újságírás","zsűri","vélemény","építő",3,3,3,3,5
"102","r_31t9kp7jpcuyboo","fizkém","egyetem","tanulás-meló-élet szentháromság","100%-os teljesítmény","fáradtság leküzdése",1,4,2,5,3,"őszinteség","személyiségfejlődés","fájdalom","megalázottság","igaz barátság",5,4,1,1,4
"103","r_31yn6lupyirurlh","nehéz","küzdelem","kitartás","feladni","játék",2,4,5,1,3,"düh","komment","emberek","beszéd","internet",1,2,3,3,4
"104","r_2c7oe5ucddph7wv","nehéz","kitartás","idő","hit","önbizalom",2,5,2,5,5,"vélemény","tanár","jegy","visszajelzes","tanulság",2,3,2,3,4
"105","r_6mdpscntugn6rg9","nehéz","kudarc","verseny","nyereség","boldogság",2,1,3,5,5,"bántó","negatív","építő","segíthet","elvárás",1,1,5,5,3
"106","r_t1sslufesaxmup7","kredit","vizsga","siker","kudarc","ösztönzés",3,3,5,1,4,"önbizalomhiány","tanár","ítélkezés","építőjellegű","gúny",2,4,2,4,1
"107","r_1jnfdnvtiotolrh","esély","ösztönzés","verseny","fejlődés","megmérettetés",5,5,3,5,3,"fejlődés","lehetőség","vélemény","segítség","értékelés",5,5,3,5,3
"108","r_2zohcopi0nmknga","motiváció","tettvágy","gyengeség","sikerélmény","verseny",5,4,2,5,3,"művészet","könyv","negatív","pozitív","fejlődés",5,5,2,4,5
"109","r_weumygjne8i5jnz","nehéz","új","élmény","lelkesítő","energia igényes",3,5,5,5,2,"bíráló","ítélet","hiba","javítás","tanulás",2,1,2,4,4
"110","r_3ellzagioa5a9tz","félelem","új","izgalom","kíváncsiság","akaraterő",1,3,4,4,5,"fontos","emberek","oktatás","külső","pozitív-negatív",5,3,2,2,5
"111","r_3pogodwsrhox4zr","cel","munka","siker","ero","magabiztosság",3,4,5,5,5,"tanulekonysag","jó","rossz","építő","okos",5,5,1,4,5
"112","r_2496dtpwqc7fhcu","teljesítmény","teher","jutalom","fejlődés","stressz",4,1,5,5,2,"építő","fontos","megfontolandó","kellemetlen","hasznos",3,4,5,1,5
"113","r_3qdz3met059rbbm","cél","erő","nehézség","akadályok","jutalom",5,5,3,2,5,"értékel","vélemény","bírálat","befolyásolás","jó",3,4,1,1,5
"114","r_2y653zevainfrvd","sikerelmeny","teljesítmény","önbizalom","elkötelezettség","élet",5,5,5,5,5,"vélemény","rossz","építő","rosszul eső","sértő",2,2,5,2,1
"115","r_2y4fqehtftjdrg1","teljesítmény","sikerelmeny","kudarc","verseny","magabiztossag",3,5,1,3,5,"vélemény","romboló","építő","rosszul eső","ellentétes",3,1,5,1,3
"116","r_yrzyqjunwuhppaj","szívás","nehéz","megéri","tervezés","nyeremény",1,2,4,4,5,NA,NA,NA,NA,NA,NA,NA,NA,NA,NA
"117","r_afsiojk2on1tumb","stressz","lehetőség","elbukás","próbatétel","fejlődés",2,4,1,4,5,"építő","rossz","észrevétel","rossz megjegyzés","nemtetszés",5,1,2,1,1
"118","r_6pfrgmyeph2lk9z","próba","verseny","küzdelem","tanulás","tapasztalat",4,3,3,5,5,"megfelelés","bírálat","befolyásolás","értékelés","vélemény",3,2,1,4,5
"119","r_1lhkrn8rjgq2nl3","izgatottság","új","felfedezés","gondolkodás","kíváncsiság",5,5,5,5,5,"vélemény","kötekedés","szubjektív","segítség","bántó",3,2,2,5,1
"120","r_o2ugeipj9qjesd7","feladat","vetélkedő","probléma","megoldandó","izgalmas",3,3,2,3,5,"vélemény","fájdalmas","főzőverseny","sértő","verseny",2,1,3,1,3
"121","r_31ai6besj6zvm6d","verseny","feladat","jutalom","győzelem","párbaj",4,3,5,5,4,"összeomlás","hierarchia","csapat","irodalom","tanulás",1,2,4,3,4
"122","r_2ro1a3jpfcxfrf8","teljesítmény","sikerélmény","munka","fejlődés","bizonyítás",5,5,3,5,5,"csalódottság","kudarc","tükör","hierarchia","panaszkodás",1,1,3,3,1
"123","r_2dnhfqm5d206zqj","ismeretlen","félelem","erő","próba","teljesítmény",3,2,3,3,4,"család","teljesítmény","írás","önértékelés","mérce",3,4,5,3,3
"124","r_5igy2swo9ercah7","türelem","kitartás","erő","feladat","elhivatottság",5,5,5,3,5,"negatív","vélemény","teljesítmény","szó","visszajelzés",1,3,4,3,3
"125","r_ryidjpcox9rozir","kitartás","feladat","nehéz","erő","munka",5,3,2,5,4,NA,NA,NA,NA,NA,NA,NA,NA,NA,NA
"126","r_27qfnjrzvqi5icn","utazás","munkahely","kutatás","sport","izgalom",5,4,3,5,5,"negatív","pozitív","építő","iskola","irodalom",1,5,4,3,4
"127","r_1qeewnot9chrihi","motiváltság","célok","önbizalom","kemény munka","siker",5,4,5,3,5,"negatív","pozitív","hasznos","segítség","hátráltatás",1,5,4,4,2
"128","r_2yxhyvgkknin1hh","nehézség","fejlődés","tanulás","próba","teszt",4,5,5,4,5,"társadalom","társak","elvárás","megfelelés","rosszindulat",3,3,2,2,1
"129","r_2q8goqbbk3s0h6g","iskola","egyetem","vizsga","pályakezdőfizetés","felkelni",3,4,2,1,1,"karika","paprika","paradicsom","pizza","pomodoro",2,3,4,5,5
"130","r_6dl8h53oumokmrx","megpróbáltatás","nyereség","bukás","csapatmunka","fejlődés",5,5,2,3,4,"tanulás","fejlődés","előny",".",".",4,4,4,3,3
"131","r_10mwqdarvk9qooz","munkahely","harmonikus párkapcsolat fenntartása","anyagibiztonság érzetét el elérése","embernek maradni a mai világban","mindig jót főzni :)",4,5,3,5,5,NA,NA,NA,NA,NA,NA,NA,NA,NA,NA
"132","r_1nh1v5edk77e6yy","behívás","lehetőség","küzdelem","erő","fejlődés",3,5,4,5,5,"ócsárolás","javítás","építés","frusztráció","elégedetlenség",2,5,5,2,3
"133","r_1pflheqylbohigw","társaság","csikó","munka","otthon","kapcsolatok",1,5,2,4,1,NA,NA,NA,NA,NA,NA,NA,NA,NA,NA
"134","r_2xksbjqgboyc9ad","cél","tanulás","lehetőség","kudarc","siker",5,5,5,2,5,"építő","segítség","fejlődés","tanulás","mentor",5,5,5,5,4
"135","r_3manbdfy7e0psf2","verseny","ellenfél","akadály","elhivatottság","akarat",4,2,1,5,5,"fejlődés","zavartság","rosszindulat","bizonyítás","építő",5,2,1,5,5
"136","r_3iqwatje3vdt8vk","tanulás","munka","család","magabiztosság","bizalom",2,2,1,2,2,"érvelés","tanulás","nehéz","érett","tekintélyszemély",5,5,2,4,5
"137","r_3qgdzhnszd2knej","meccs","csapat","ero","kudarc","fejlodes",3,3,5,1,4,"ujsag","rossz","nok","tanar","epito",3,1,2,2,5
"138","r_1k6xtk1plbtuvtz","akadály","nehézség","fejlődés","öröm","bizonyítás",2,2,5,5,5,"pozitív","negatív","fejlődés","lehetőség","megfogad",5,1,5,5,5
"139","r_2cqgp3sa6vs3jo5","küzldelem","kudarc","győzelem","teljesítmény","véghezvitel",5,1,5,3,4,"megnyilvanulás","rossz","jó","ítélkezés","vélemény",3,1,5,2,3
"140","r_1q3be1w0eshykve","nehéz","akadály","lehetőség","fejlődés","megoldás",3,2,5,5,4,"visszajelzés","elismerés","őszinteség","pozitív","negatív",4,4,5,4,2
"141","r_2afqcwodmnl8cti","élet","munka","önmegvalósítás","iskola","fejlődés",5,4,5,4,5,"szembesítés","konstruktív","fejlődés","előrelépés","lehetőség",4,5,5,5,5
"142","r_pmknwsot341i0av","munka","verseny","játék","intelligencia","internet",5,4,5,5,2,"építő","tanulság","szükséges","önbecsülés","újratervezés",5,5,4,4,4
"143","r_2qnyhrkjqwxyfi7","verseny","ötletelés","próbálkozás","határok","kétség",3,4,5,3,1,"elfogadás","közöny","építő jelleg","büszkeség","sértődés",5,2,5,2,1
"144","r_zaw2g7gep7wmwk5","matek","karrier","feladat","házi","egyetem",2,5,4,3,5,"siker","irigység","munka","szakdolgozat","facebook",4,2,4,4,3
"145","r_qk2gub3jm6smmif","nehézség","feladat","küzdelem","stressz","siker",3,3,2,3,5,"sértődés","módszer","építő","könyv","átgondolás",1,3,5,3,4
"146","r_10xug2kugn7grg5","cél","siker","nehézség","akadályok","izgalom",5,5,2,2,4,"építő","bántás","sértettség","újra gondolás","negatív",5,1,1,5,1
"147","r_1f3iapozuotg1c7","akarat","megmutathatnék","esély","izgalom","tapasztalat",4,4,5,5,5,"vélemény","ellenszenv","megalázó","leértékel","fontos",3,1,1,1,2
"148","r_338znjnvmurt8gi","küzdelem","kitartás","akadály","próbatétel","megpróbáltatás",3,5,3,3,4,"vélemény","értékelés","bírálat","minősítés","visszajelzés",3,4,2,2,4
"149","r_2fjlz2guaaodpsj","cél","erõbefektetés","öszpontosítás","rendezettség","türelem",4,3,4,4,5,"épülés","szurkálódás","szõrszálhasogatás","javulás","javítás",5,2,2,4,5
"150","r_ulxcprxh9ek7gkv","bátorság","új feladatok","fejlődés","céltudatosság","nehézség",4,3,5,5,2,"alábecsülés","építő jellegű","becsmérlés","megalázás","segítség",1,5,1,1,4
"151","r_3emdwqhbquog7sx","küldetés","megoldandó","szembenézés","kitartás","akaraterő",4,5,3,4,5,"bírálat","pozitív","negatív","udvarias","megosztó",3,5,1,5,3
"152","r_2vzblt8sxbn0znd","küzdés","akarat","feladat","próbatétel","nagy dolog",4,4,4,4,3,"pozitív","negatív","beszámoló","írás","vélemény",5,1,2,2,1
"153","r_1gngtoqiavjv8f7","szorongás","túllépés","elengedés","kudarc","akadály",1,5,4,1,2,"film","gondolkodás","művészet","nyers","építő",3,5,5,2,5
"154","r_bkkbo2eczmfzrwp","próbatétel","időtöltés","siker","sikertelenség","mérkőzés",4,5,5,1,3,"kritizálás","negatív vélemény","ösztönzés","megítélés","pozitív vélemény",1,1,4,1,5
"155","r_21fw1j1x3kz8voz","feladat","munka","nehézség","jutalom","próba",3,2,2,5,4,"vélemény","tanulás","fejlődés","emberek","reflekció",3,4,5,3,4
"156","r_3pq2popdbtcaksq","motorozás","jogosítvány","forgalom","gyakorlás","felkészülés",5,5,4,4,4,"építő","műfaj","irodalom","bántó","gondolkodás",4,3,4,1,5
"157","r_dijxboazkchxhhj","feladat","párbaj","-","-","-",4,3,3,3,3,"film","zene","vita","divat","könyv",5,5,3,3,5
"158","r_uxq5dhodlihg8m1","új","küzdelem","siker","kudarc","ellenfél",4,5,5,1,3,"átgondol","negatív","tanár","javít","fejlődik",3,1,2,4,4
"159","r_ekqsauaoiwulycn","legyőzni a szorongásom","koncentrálni","ismerkedni","lemondani dolgokról","elengedni embereket",1,5,5,3,3,NA,NA,NA,NA,NA,NA,NA,NA,NA,NA
"160","r_25wtsuttsulwy5f","harc","győzelem","ellenfél","fejlődés","tanulás",1,5,2,5,5,"sértettség","hiba","fejlődés","esély","javítás",1,2,5,5,5
"161","r_w8urfi3y7merb3b","siker","büszkeség","helyezés","idő","verseny",5,5,5,3,5,"megjegyzés","megvetés","jellemzés","másság","elfogadás",3,2,4,1,5
"162","r_3gxctds8xnedrp1","lehetőség","jövő","türelem","idő","kaland",5,5,5,5,5,"írás","pozitív","fejlődés","negatív","iskola",5,5,5,1,4
"163","r_ulic14eokphwwmp","szakdolgozat","vizsga","egyetem","munka","tanulás",3,2,3,3,3,"iskola","egyetem","negatív","tanulás","dolgozat",3,3,1,3,2
"164","r_szfrxon0rgrffoj","fejlődés","nehéz","bonyolult","komplikált","edzés",5,2,3,4,4,"fejlődés","támogatás","pozitiv","visszajelzés","előremutató",5,4,5,4,5
"165","r_xomcmrxnjp7rorr","nehézség","feladat","célok","verseny","magabiztosság",2,3,4,3,4,"értékelés","javaslat","komment","tanács","hozzáértés",3,4,3,4,4
"166","r_2ujt5ayeq2zdhuw","erőfeszítés","aggodalom","izgalom","izgatottság","jutalom",2,1,4,4,5,"elfogadás","tanulás","szomorúság","megfelelés","javulni akarás",3,4,1,2,4
"167","r_3oapbbq35snpuie","siker","teljesítmény","büszkeség","kudarc","szégyen",5,5,4,1,1,"tanulság","fejlődés","jóindulat","rossz akarás","szülők",4,5,4,1,4
"168","r_2cqathxpnsphnte","siker","küzdés","feladat","idő","stressz",4,4,3,4,2,"vélemény","rosszindulat","építő jellegű","film","zsűri",4,2,4,3,3
"169","r_2dnnciuyxap2riy","küzdelem","cél","kitartás","feladat","élet",3,5,4,2,4,"vélemény","építő","őszinte","motiváció","komoly",3,5,4,4,3
"170","r_1inte3nzr7uawsk","küzdelem","munka","fejlődés","nehéz","kitartás",4,2,5,1,4,"rossz","fejlődés","hiba","építő jellegű","javítás",1,5,3,4,3
"171","r_1crjc79zgtwuaod","győzelem","küzdelem","akarat","újdonság","cél",5,5,5,4,5,"építő","bántó","támogatás","segítség","fájdalom",5,2,5,5,2
"172","r_2awuqdfrqhwcoc9","motiváció","teljesítés","összpontosítás","cél","erőbefektetés",5,4,4,5,4,"építő","vélemény","korrigálás","tanács","bántó",5,4,2,4,1
"173","r_e9fz1wfmquawnkx","fejlődés","én","szakma","egyediség","verseny",5,5,5,5,5,"fejlődés","szkepticizmus","negativitás","ellenfél","jövő",5,2,1,5,5
"174","r_3g2gstpzucvvmq5","izgalom","fejleszt","küzdelem","eredmény","siker",5,4,2,4,5,"építő","negatív","vélemény","mű","szakember",5,2,3,4,3
"175","r_3es3mjwpt15ukoy","nehézség","munka","siker","megpróbáltatás","próba",2,4,5,3,3,"vélemény","segítség","elemzés","értékelés","ismeret",4,5,4,4,3
"176","r_3kbm45eknorp76z","nehéz","időigényes","megtérülés","versenyszellem","felhívás",3,2,5,4,3,"igazság","tudálékosság","visszajelzés","ellenőrzés","beszélgetés",3,2,5,3,4
"177","r_20zgrptplgzmebi","cél","krízis","eredmény","nehézség","új",3,4,4,2,4,"vélemény","fejlődés","lehetőség","színház","önmagam",3,4,5,5,4
"178","r_oxkclm1yim85za5","jövő","épít","lefoglal","aktivitás","tanulás",4,5,4,4,4,"épít","előrejutás","őszinte","rosszindulat","féltékenység",5,5,5,1,1
"179","r_1dbqfpszlmi0brq","nehézség","mérce","elismerés","feladat","önértékelés",4,2,5,4,5,"pozitív","negatív","segítség","sertés","vélemény",5,1,5,1,4
"180","r_3pw6zi39j9txxon","nehézség","izgalom","kétségek","öröm","csalódottság",1,4,1,5,1,"építő","megfelelés","visszajelzés","elégedettség","csalódottság",4,2,3,5,1
"181","r_24d6vwaxrbjs5vm","verseny","teljesítmény","siker","kitartás","tovább",4,4,4,4,3,"hiba","tévedés","fejlődés","őszinteség","kapcsolat",2,2,4,5,3
"182","r_ai1kvgf8lyasgm1","verseny","versenyző","mérce","küzdelmek","teljesít",5,4,4,3,5,"vélemény","negatív","pozitív","értékelés","pontozás",3,1,5,4,3
"183","r_2xestszmtqmmfay","megoldás","folyamat","gondolkodás","siker","kudarc",5,4,4,5,1,"építő","elfogadás","kudarc","elrontott","visszásság",5,4,1,1,2
"184","r_1bymyfupxguwokw","odafigyelés","kemény munka","stressz","fáradtság","sok idő",3,4,1,1,2,"negatív","építő jellegű","pozitív","rossz teljesítmény","hiányos",1,4,5,1,2
"185","r_3dpbjgfa7i0nl0g","boldogít","verseny","adrenalin","eredmény","megfelelő",4,4,4,4,5,"film","pozitív-negatív","kritikus","vélemény","fontos",4,3,3,4,5
"186","r_3de2q9vk0zvuhz5","vizsga","nehéz","megoldás","akadály","tudás",1,1,5,3,5,"hallgatás","júindulat","építő","bántó","megosztó",4,5,5,1,3
"187","r_scyjlzudn1yssup","erő","akarat","öröm","akarom","menni fog",4,5,5,5,5,"én","személyek","szomorúság","megbántás","előítéletesség",3,2,1,2,2
"188","r_31xwpjuwfzxl3mv","erőbefektetés","versenyszellem","ész","időzítés","ambíció",5,3,5,2,5,"vélemény","megbélyegzés","mások","befolyásolás","film",3,1,3,2,3
"189","r_5bew67fgo84hzjt","küzdés","cél","motiváció","iskola","sport",5,5,5,2,4,"elítélés","szomorúság","depresszió","megalázás","szigor",1,1,1,1,2
"190","r_27qpok8eryucdax","célok","élet","egyetem","gyermekvállalás","győzelem",5,5,4,4,5,"pozitív","negatív","építő","őszinte","lehangoló",5,5,4,5,1
"191","r_1itavdjws3kshhr","motiváció","lehetőség","siker","bukás","bátorság",5,4,5,1,4,"építő","negatív","lehetőség","fejlődés","vélemény",4,1,4,5,3
"192","r_3niofhtfsvbboxv","teljesíthető","képesnek lenni","szenvedés","túlesni rajta","átvágni az akadályokon",5,5,1,3,5,"építő","fájdalmas","tanulságos","objektív","értékelhetetlen",5,1,5,5,1
"193","r_1fg44s3rbru2578","küzdelem","siker","fáradság","félelem","elakadás",4,5,3,2,1,"felesleges","sértő","kelemetlen","elnyomó","folyamatos",3,1,2,2,1
"194","r_3n0hlmxzuwtgsha","siker","szerencse","uj dolgok","uj emberek","nyeres",5,5,5,5,5,"negativ","pozitiv","igazsag","hazugsag","mas velemenye",1,5,5,1,3
"195","r_2fjm4mfw0yqcm3b","önfejlesztés","feladat","fejlődés","motiváció","győzelem",5,3,5,5,5,"építő","fejlődés","zsűri","megküzdés","átértékelés",5,5,3,4,4
"196","r_3pncl3xogchepqw","feladat","megvalósítandó","élmény","fejlődés","teljesítés",3,4,5,5,3,"vélemény","építés","szívbemarkoló","lehúzás","értékelés",5,5,2,1,3
"197","r_3fldidltkz5dynx","tárgyak","kapcsolat","időbeosztás","döntéshozatal","építkezés",2,3,2,2,4,"értékelés","véleménynyilvánítás","önkritika","ítélkezés","hír",4,5,2,1,4
"198","r_3lz8rblqdbekzyt","cél","eszköz","előre","tárgy","párbaj",5,3,5,4,3,"bíró","bírálat","vélemény","szobor","madagaszkár",4,2,5,3,5
"199","r_w0chfbidymdefzf","hegymászás","elszántság","türelem","erő","akaraterő",5,5,5,5,5,"rossz érzés","építő jellegű","szigorú ember","showműsor","bántó szavak",1,5,3,4,1
"200","r_2d6n09pgdcv8wev","feladat","küldetés","túra","menet","nehézség",3,4,4,3,1,"puzsér róbert","vélemény","negatív","rosszalló","szöveg",2,3,1,1,3
"201","r_3ni2ydtdx8xtis8","akadály","nehéz","negatív tényező","legyőzés","lehetőség",4,5,1,4,5,"vita","értékelés","elégetlenség","beszólás","irigység",5,3,1,1,1
"202","r_25mefqphw9npgct","verseny","megmérettetés","fejlődés","nehézség","versenyszellem",4,4,4,3,4,"tanulsàg","rosszindulat","épitő","verseny","tehetség",4,1,4,4,4
"203","r_bf8wtnrheuzy45r","vizsga","angol","statisztika","szocialpolitika","szegenyseg",1,2,1,3,1,"politika","újságírás","színház","értékelés","ellenzék",2,4,5,5,4
"204","r_9skpwerikbifq7n","nehézség","szorgalom","türelem","fáradság","áldozat",1,4,5,1,4,"építő","sértő","segítség","bántás","tanulás",5,1,5,1,3
"205","r_3h9nfgfexvkv35m","feladat","nehézség","lehetőség","próba","siker",3,1,4,4,5,"fájdalom","ésszerű","építés","düh","újságírók",1,4,4,1,3
"206","r_sivaxrlzzpqftct","próba","feladat","felmérés","küzdelem","vetélkedés",3,3,3,4,4,"elemzés","értékelés","hibajavítás","vélemény","visszajelzés",3,3,5,3,3
"207","r_3onjtktzvnvl04z","akadály","kitartás","erőfeszítés","cél","félelem",2,4,3,5,1,"ítélet","vélemény","álláspont","ellentét","becsmérel",2,3,3,2,1
"208","r_2cbvunxelbx454k","feladat","akarat","alapos","erő","kaland",3,5,5,5,5,"feladat","szigor","negatív","őszinte","írás",3,2,1,5,3
"209","r_usjhahe7px8qqc5","erofeszites","elorelepes","nehez","szemelyisegfejlodes","munkahely",4,5,1,5,3,"negativ","pozitiv","velemeny","sertes","onbecsules",2,5,4,1,3
"210","r_1mtndpek93oti08","feladat","megoldás","kitatás","nehéz","képesség",3,5,4,2,5,"ítélkezés","elfogadható","gonosz","nyílvános","híresség",1,3,1,2,3
"211","r_294ytzq6y3bizdr","verseny","challange","teljesítmény","küzdelem","eredmény",4,5,5,2,5,"építő","segítég","rosszindulat","film","étel",5,5,1,4,4
"212","r_1ciqj3mfg0eqvgc","egyetem","tanulás","sport","alázat","kitartás",5,5,5,5,5,"gondolkodás","megfelelés","igazság","hazugság","rossz",4,2,5,1,1
"213","r_1oin1a8yuydj7pa","feladat","siker","út","kudarc","törekvés",3,5,3,1,4,"negatív","pozitív","segítség","visszajelzés","self",1,5,4,4,3
"214","r_21hugvoxtmxnbuj","akadály","megmérettetés","párbaj","legyőzni","ellenfél",2,3,3,4,2,"kritikus","film","műfaj","építő","illet",3,3,3,4,3
"215","r_1m5vtsvqlmgag1i","erő","akarat","energia","boldogság","akadály",5,5,5,5,5,"építő","tanulság","újrakezdés","esély","javulás",5,5,5,5,5
"216","r_272o0dayhivkyg1","ellenfél","megmérettetes","párbaj","küzdelem","bajnokság",3,3,3,3,3,"visszajelzes","bírálat","értékelés","minősítés","pontozás",3,2,3,2,3
"217","r_1il8xz1lrw0ad4b","fejlődés","próba","tanulás","stressz","alkalmazkodás",5,3,4,2,3,"írás","videó","fejlődés","pozitív","negatív",3,3,5,5,1
"218","r_1nxqufb4pyhlmy7","egyetem","diploma","munka","párkapcsolat","pénz",5,5,4,1,1,"egyetem","barátok","szakdolgozat","vizsga","interjú",5,5,3,2,3
"219","r_3ls7pqhcia8s9sx","születés","tanulás","munka","gyerekek","halál",4,4,4,5,2,"haladás","minősítés","film","építés","visszajelzés",5,1,3,4,5
"220","r_33mesx5combvpme","játék","egyetem","osztályzat","versenytárs","erő",4,4,2,2,3,"újság","film","puzsér","bántó","fejlődés",3,3,3,1,5
"221","r_u9l2y3ycbxalkyd","nehéz","siker","fejlődés","remény","tudás",1,5,5,2,4,"kudarc","konstruktív","megalázó","görcs","önértékelés",1,5,1,1,3
"222","r_2vf0kdah0fmkckj","motiváció","nehézség","munka","izgalom","félelem",5,2,4,4,1,"gyomorideg","önbizalomhiány","fèltékenység","visszajelzés","bántás",2,1,2,3,1
"223","r_roqtsemtrys0bot","siker","kitartás","nehézségek","kudarc","energia",5,5,3,1,5,"negatv","pozitív","építő","sértő","nehéz",1,5,5,1,3
"224","r_3qpyd2ykqykffxl","munka","kitartás","siker","fáradtság","előrejutás",4,5,5,2,5,"hiba","irigység","épités","haladás","vélemény",4,1,5,5,5
"225","r_1esmevccrrcteit","lehetőség","megmérettetés","vereség","győzelem","döntetlen",4,4,2,5,3,"vélemény","fikázás","szubjektivitás","dühöngés","hülyeség",3,2,3,1,1
"226","r_2vjbieelyssrqb5","feladat","célok","haladás","nehézségek","továbbjutás",3,5,5,2,5,"rossz","hiba","újratervezés","haladás","továbblépés",1,1,4,5,5
"227","r_ejcyeai3s4fvzbt","cél","ösztönzés","kitartás","izgalom","erő",5,5,4,4,5,"fájdalmas","igazság","önértékelés","felelősség","hitelesség",2,3,4,3,4
"228","r_1mefiy3lgv9wbgc","kaland","nehézség","feladni","lastminute","nyerni",4,1,1,3,5,"építő","ítélkezés","érzékenység","rosszindulat","konstruktív",5,1,3,1,5
"229","r_3rsglqu3kbtn9lp","lehetőség","félelem","küzdelem","önismeret","fejlődés",5,2,4,5,5,"pozitív","negatív","építő","romboló","fejlesztő",5,1,5,1,5
"230","r_3l0xvak0xpi3got","izgalom","feladat","idő","felkeszules","tanulás",4,4,3,4,4,"ítélet","pozitiv","negativ","kellemetlen","izgalom",2,5,2,2,4
"231","r_1lbtmzwr7yai4zk","kitartás","kreativitás","küzdelem","cél","motiváció",5,5,4,5,5,"bírálat","pozitív","negatív","építő","romboló",2,5,1,5,1
"232","r_11xveqkg9ii91ia","tanulmányok","ismerkedés","barátkozás","programozás","időbeosztás",2,3,3,4,3,"oktató","szülők","társadalom","értékelés","puzsér",4,5,3,3,3
"233","r_8x3cyeacrldxc7t","megpróbáltatás","lehetőség","megmérettetés","teljesítmény","cél",2,5,2,2,4,"társadalom","negatív","fájdalmas","építő","fejlődés",3,1,1,4,5
"234","r_2udlprqchky07i5","cél","motiváció","feladat","figyelem","stratégia",5,5,3,4,3,"vélemény","gondolkodás","megítélés","beállítódás","értékelés",4,5,3,3,3
"235","r_9tscjkr55wwfopd","megmérettetés","fejlődés","vizsga","szakdolgozat","munka",3,5,3,3,3,"tanár","önkritika","szaktársak","szint","család",3,2,2,3,2
"236","r_3hk8vdhmtnw9ibr","egyetem","vizsgák","munka","mental health","stressz",2,3,4,3,1,"őszínte","felületes","szubjektív","igazságtalan","irreleváns",5,3,1,2,3
"237","r_3ki9mcksf4fu3oo","nehéz","munka","erőfeszítés","új","megújulás",2,3,3,5,5,"negatív","rossz","étterem","konstruktív","elemzés",1,1,3,5,3
"238","r_eqgn1w3dbslkaul","flow","könyvtár","küzdelem","stressz","harc",5,5,4,1,4,"értékelés","pozitív","negatív","megítélés","szubjektív",5,5,4,5,2
"239","r_1pyrnidtk6xtvqy","siker","bizonyítási vágy","akadály","elismerés","büszkeség",5,3,4,5,4,"elutasítás","megbélyegzés","elismerés","téveszmék","bizonyítás",1,1,5,1,4
"240","r_3pikx8krkeyqgai","küzdelem","alvatlanság","feladat","bátorság","izgalom",4,1,4,5,2,"nagymamám","sértődés","tanács","puzsér róbert","lila szín",2,1,5,3,5
"241","r_3esxr0b8xml20uv","erő","teljesítmény","nehézség","energia","felkészülés",5,3,2,3,5,"gonoszság","vélemény","igazságtalanság","építő","megalázás",1,3,1,5,1
"242","r_3jjfnxj8mibwuu2","kaland","konfortzóna","fejlődés","előrelépés","tanulság",4,3,4,4,4,"vélemény","bírálat","értékelés","kritikus","ítélet",3,2,3,3,2
"243","r_3kaz85cqmrgjyap","küzdés","teljesítmény","verseny","célok","felmérô",4,5,4,5,3,"vélemény","bírálat","pozitív","negatív","film",3,2,5,1,5
"244","r_sow7pzjxcrfsjcn","próba","tanulás","nehézség","erő","iskola",3,4,2,4,3,"tanár","dolgozat","hiba","tanulmány","próbálkozás",4,3,1,5,4
"245","r_3g1lwe3idevgucy","győzelem","harc","kudarc","teljesítmény","élmény",5,4,2,4,5,"vélemény","folyamat","harag","sértődöttség","ventillálás",3,4,2,2,4
"246","r_2dewy1zu4ux6dif","feladat","nehézség","csapatmunka","megoldás","próba",4,3,5,5,3,"vélemény","szemszög","értékelés","negatív","építő",3,4,4,1,5
"247","r_ukh5b1qk1e2qsrr","próba","siker","kudarc","feladat","ismeretlen",3,5,1,3,3,"önbizalom","sértés","segítség","jószándék","teljesítmény",3,1,4,5,3
"248","r_wruobtuz701ompx","iskola","egyetem","élet","munka","győzelem",4,5,5,3,5,"tanár","pozitív","negatív","szomorúság","iskola",4,5,1,1,2
"249","r_2otifi5mdve6cy4","feladat","siker","kudarc","energia","áldozatvállalás",3,5,1,3,2,"építő","tanács","hiba","megfontolás","következtetés",5,5,1,5,3
"250","r_volwubej932vncj","vizsga","tanulás","élet","teljesítmény","nehéz",1,4,3,5,2,"negatív","építő","támogató","cáfol","sikertelen",1,4,5,2,1
"251","r_3npop2vfvvkcbun","kaland","próbatétel","veszély","bizonytalanság","újdonság",5,2,1,1,4,"értékelés","nézet","gondolkodás","segítség","előrehaladás",3,3,4,5,5
"252","r_0jwqtzmbbiec3n3","egyetem","nyelvek","sport","párkapcsolat","munka",2,1,5,3,1,"film","színház","művészetek","gondolkodás","kritikus",3,3,3,1,1
"253","r_3qyrfas8zktvlt8","tanulás","energia","küzdelem","célok","verseny",3,5,3,4,3,"tanárok","építő","jóindulatú","rosszindulatú","beszélgetés",3,5,5,1,4
"254","r_3ncyafyvfacr7rk","nehéz","feladat","izgalmas","élet","nehézség",1,3,5,3,1,"rossz","jó","kedves","tanító","rendes",1,5,4,3,5
"255","r_2cphj4lpx43sr76","nehéz","próbatétel","feladat","motiváció","egészség",1,3,3,5,5,"negatív","pozitív","épít","vélemény","film",1,5,5,3,3
"256","r_1f8likwx687ov1t","tanulmányok","előrehaladás","kudarc","félelem","flow",2,3,1,2,5,"sértettség","őszinteség","harag","felesleges","depresszió",2,5,3,2,1
"257","r_2tksgoixne8cdux","verseny","küzdelem","győzelem","dicsőség","akarat",4,4,5,5,5,"építő","negatív","film","gondolkodás","ítélet",5,1,3,5,1
"258","r_2fena8uhjkgerzu","megmérettet","elgondolkodtat","épít","kudarc","siker",5,5,5,3,5,"negatív","épít","rosszindulat","jóindulat","vitás helyzet",1,5,1,5,4
"259","r_1ekijeibxd3lcx4","behívás","küzdelem","kitartás","perfekcionizmus","teljesítés",3,4,5,2,5,"kellemetlen","építő","bíztató","lehúzó","motiváló",1,5,4,2,4
"260","r_d1bmoko0q5qbtit","felkészülés","gyakorlás","motiváció","munka","siker",4,4,5,3,5,"fejlődés","hibák","továbblépés","elfogadás","siker",5,2,4,4,5
"261","r_3o2nqfnonig9oqp","nehéz","győzni","cél","munka","öröm",2,5,3,3,5,"ítélet","vélemény","reflexió","negatív","pozitív",2,3,3,1,5
"262","r_2bsbei46go0ryd8","munka","kudarc","elfogadva","segítség","siker",3,1,3,3,5,"építő","előremutató","bántó","sértő","elnyomó",5,5,1,1,1
"263","r_1qzmunxcggn4xja","erőpróba","megmérettetés","párbaj","gondolkodás","siker",4,2,1,5,5,"vélemény","bírálat","segítség","szembenállás","válasz",3,2,5,1,5
"264","r_6nweosdc10vdlkx","megfelelni","teljesíteni","szorgalom","szocializáció","pihenés",3,2,3,4,3,"tanárok","diáktársak","önmagam","emberek","média",4,3,4,2,3
"265","r_tvvfnymvj8ncznf","nehezebb","munka","tanulás","tudás","izgulás",4,5,5,5,2,"mérges","szomorú","hasznos","tudás","hiba",1,1,5,5,2
"266","r_1iatbnbzdnuylct","szeretem","izgalmas","nehéz","fejlődés","tanulás",5,4,3,4,3,"kéretlen","pozitív","negatív","okosabb","okoskodó",1,5,1,5,2
"267","r_1juugstm9y49yvl","küzdelem","kitartás","erő","akarat","motiváció",4,5,5,5,5,"gondolkodás","realitás","mérlegelés","fontos","tüzetesség",5,5,5,5,4
"268","r_3g6rrakixacbvop","küzdelem","életerő","cél","feladatok","akarat",4,5,5,3,5,"vélemény","előrejutás","fejlődés","változás","nehéz",3,5,5,3,2
"269","r_3h3ixeeqqwbjmvp","erő","kitartás","akarat","felelősség","kockázat",5,4,4,2,1,"gyengeség","fejlődés","motiváció","vita","kihívás",1,4,5,2,5
"270","r_11xbz8dsxpv5p0u","próbatétel","megfelelés","erő","probléma","megoldás",4,5,5,3,5,"pozitív","építő","negatív","fejlődés","szemlélet",5,5,3,5,5
"271","r_1glvjzylhytafnq","teljesítmény","eredményesség","ambíció","kitűzött célok","feladat",4,5,4,4,3,"hiba","kudarc","vélemény","javítás","nézőpontok",1,1,3,4,3
"272","r_owhozyupedrtdu1","feladat","cél","akaraterő","lépcső","siker",5,5,5,5,5,"vélemény","negtív","torlás","felesleges","ismeretlen",5,1,1,3,3
"273","r_27bsoawuhjetjfe","bátorság","nehézség","cél","eredmény","siker",5,2,4,4,5,"szigor","nehézség","kudarc","fejlődés","javulás",1,2,1,5,5
"274","r_31siclbwdz8rvkq","megpróbáltatás","küzdelem","megoldandó probléma","nehézség","harc",3,3,2,1,4,"minősítés","értékelés","visszajelzés","bírálat","önkritika",3,4,5,1,5
"275","r_1d0qhouyj8l8bwo","türelem","nehézség","stratégia","küzdés","siker",3,2,3,4,5,"csalódás","építőjelleg","változás","anya","sértődés",1,4,4,3,1
"276","r_2wyl458sjnzbde9","nehéz","beadandó","német irodalom","tárgyfelvétel","szeptember",1,2,1,1,2,"esszé","gondolkodásmód","alkotás","építő","elégtelen",1,4,3,4,1
"277","r_28szfq1gckfnwjo","harc","játék","izzadás","hegy","élet",3,4,2,2,4,"sértés","bullying","szubjektivitás","érzelmek","meggyőződés",1,1,3,3,4
"278","r_2oi39qppuwofacj","verseny","megfelelés","feladat","bizonyítás","siker",5,4,4,5,5,"bírálat","észrevétel","fejlődés","támadás","önkritika",3,4,5,1,4
"279","r_2feqfnlcj9cgk7i","győzelem","határok","katonaság","élet","siker",5,5,5,3,3,"fejlődés","egó","hiba","vita","igazságos",5,2,2,4,3
"280","r_1guhni1os1pldi1","izgalom","feladat","fejlődés","talpraesettség","probléma",4,4,5,5,2,"zsűri","stressz","megfelelési kényszer","szakértelem","rosszindulat",3,1,1,5,1
"281","r_1izbo4hfxgy5udm","kaland","nehéz","fejlődés","hajrá","gyerünk",4,2,5,5,5,"társadalom","építő","értelmetlen","befogadhatatlan","hagyjál már",4,5,1,1,1
"282","r_27p5jskyjztpcls","motiváció","ösztönzés","nehézség","akadály","felelősség",5,5,3,3,3,"csalódás","fejlődés","építő","sértő","teljesítmény",1,5,4,1,3
"283","r_2szomj9ba3bvihj","erő","fejlődés","támogatás","küzdelem","motiváció",5,5,5,3,4,"vélemény","értékelés","visszajelzés","fejlődés","tükör",3,4,5,5,3
"284","r_117paojk4eliljp","küzdelem","stressz","nehézségek","felemelkedés","cél",3,1,1,5,5,"tanulmányok","újságcikk","iromány","önkritika","szubjektív",1,4,3,1,3
"285","r_su80bum5awt2bwd","ambíció","munka","időbefektetés","nehéz","megterhelő",4,4,2,3,2,"építő","rossz","rontás","vélemény","újság",4,1,2,4,3
"286","r_2ztin6drimdvft4","teher","akadály","közdelem","fáradság","megkönnyebbülés",1,1,2,1,3,"vélemény","tanács","jó indulat - rossz indular","figyelem","türelem/nyugalom",3,5,3,4,3
"287","r_1lajlybqhnuumby","küzdelem","feladat","megmérettetés","cél","harc",5,4,4,5,4,"vélemény","kioktatás","rosszindulat","építő jellegű","segítség",3,2,1,5,5
"288","r_2ucednnv4lnxmho","bátorság","kitartás","merészség","próba","elhivatottság",5,5,4,4,5,"negatív","fejlesztés","szakértelem","vélemény","bírálat",1,5,5,3,2
"289","r_2cjvqwylzfvcdrx","küldetés","nehézség","feladat","határok","párbaj",4,3,2,3,4,"kritikus","vélemény","megfontolt","minősítés","bírálat",2,3,4,3,3
"290","r_xxh1elysewriled","erőfeszítés","szorgalom","törekvés","feladat","motiváció",4,4,4,3,4,"vélemény","bírálat","negatívum","gondolat","fejlesztő",3,2,1,3,4
"291","r_2sdhgcq7oq8u5ce","intelligencia","kísérlet","logika","furfang","sikerorientáltság",5,3,3,5,5,"gondolkodás","negatív","építő","vélemény","önbizalom",3,2,5,3,4
"292","r_3ma3dtykyerag9q","nehéz","ambíciók","motiváció","próbálkozás","siker",2,3,5,3,5,"hiba","tanulás","próbálkozás","rossz","építő",2,4,3,1,4
"293","r_qxywipwjbbaf1ad","munka","oriflame","motiváció","új feladat","lehetőség",4,5,5,4,5,"pozitív","negatív","építő","megfigyelés","írígység",5,3,5,4,1
"294","r_xxetxv4sj9kar4z","harc","küzdelem","öröm","gyakorlás","idő",2,3,5,3,3,"rossz","helytelen","hiba","vélemény","kellemes",1,1,1,3,5
"295","r_1msrliyr5fsjzqi","erő","megpróbálni","nehéz","siker","legyőzni",5,4,3,5,5,"vélemény","segítség","nem elég jó","meghallgat","elfogadás",3,4,2,5,4
"296","r_2ruqzp9lqxarrnw","nehézség","siker","probléma","verseny","küzdelem",4,5,1,2,3,"csalódás","fejlődés","elfogadás","vége","tolerancia",1,5,4,2,4
"297","r_2u963jphjatafh6","fejlődés","motiváció","lehetőség","bukás","nehéz",5,5,5,1,2,"negatív","elvisel","teljesítmény","rossz","építő",1,3,3,1,4
"298","r_zieabrupi0z5ik5","nehézség","szenvedés","feladat","idő","halál",1,1,1,3,1,"hiba","javítás","idő","újrakezdés","gonoszság",3,3,4,3,4
"299","r_2cveptd41ln6di1","cél","nehéz","jutalom","siker","elbukás",3,2,5,5,2,"kritikus","épitő","negatív","pozitív","segítség",3,5,1,5,4
"300","r_1juhxyw6tzlegx4","küzdés","szorgalom","alázat","türelem","kitartás",4,5,4,5,5,"vélemény","építő jellegű","tanács","kritizálás","irigység",3,4,5,2,1
"301","r_5nag3kxoptx59s1","ismeretlen","nehéz","izgalmas","elengedhetetlen","fejlődés",3,2,4,3,5,"vélemény","visszacsatolás","építő jellegű","segítség","ellenszenv",3,3,5,5,1
"302","r_2ux26sl1j88uxvq","sport","új nyelv tanulása","beilleszkedés új környezetbe","önellátás","sulira tanulás",5,5,4,4,1,"apám","facebook kommentelők","youtube kommentelők","foci szurkolók","-",2,2,3,4,3
"303","r_3qmarjbccesjkqi","verseny","erőfeszítés","nehézség","megoldás","fejlődés",4,1,1,5,5,"építő","tanulság","sértődés","tanács","szakértő",5,3,1,4,3
"304","r_1ls9fadxdjduomj","cél","siker","bukás","kaland","teljesítmény",5,5,1,4,5,"értékelés","negatív vélemény","tanulás","fejlődés","véleménynyilvánítás",2,1,5,5,5
"305","r_3f3cxbmkpmszbtp","nehéz","akadály","kitartás","tanulás","teherbírás",2,1,5,3,4,"építő","kudarc","kitartás","önbizalom","romboló",4,1,5,5,1
"306","r_296qus7j7nkn0nn","siker","küzdelem","kudarc","vereség","veszteség",5,3,1,1,1,"érvelés","cinizmus","meggyőzés","jobbítás","tanulás",3,1,3,5,4
"307","r_1mz7quamc7dlwho","verseny","győzelem","harc","erő","akarat",5,5,3,5,5,"kibeszélés","megvetés","másság","elfogadás","változás",1,1,4,5,3
"308","r_2sfvbrytucqnd5w","lehetőség","fejlődés","nehézség","feladat","megpróbáltatás",5,5,1,3,2,"stressz","értékelés","visszajelzés","fejlődés","lehetőség",1,3,4,5,4
"309","r_qikotv8aavslmfx","erőt igénylő","szükséges","jó","nehéz","magabiztosságot ad",3,4,4,2,5,"hasznos","haszontalan","idegesítő","építő","attól függ kitől és mit kapok",5,1,1,5,3
"310","r_2s6uznskq1jch8n","móka","felelősség","határidő","új dolog","legjobbnak lenni",5,4,3,4,5,"jobbnak lenni","változtatni","jobban csinálni","zsűri","vélemény",5,3,5,3,3
"311","r_22kusgnt87jmlvk","nehéz","kitartás","nagy","energia","célok",1,4,4,5,4,"hasznos","kellemes","kellemetlen","bíráló","fejlesztő",5,5,1,2,5
"312","r_21yntgs18n1jy5q","hegy","mászás","bajnok","erőfeszítés","verseny",5,1,4,2,3,"puzsér","dancsó","humor","profi","tehetségkutatók",2,5,5,5,2
"313","r_3niwddmtsaausdp","versenyzés","versenyszellem","készségfejlesztés","csapatmunka","feladat",4,5,5,3,3,"fejlődés","építés","önbizalom","sértődés","őszínteség",5,4,5,2,5
"314","r_xoqxhf8bcxbwhc1","feladat","felelősség","újdonság","cél","lehetőség",3,2,4,5,5,"negatív","pozitív","építő","javítás","hibázás",1,5,4,4,2
"315","r_3kpnrxs6eu6izxg","siker","feladat","eredmény","karrier","munka",5,2,4,3,3,"hiba","kötözködés","piszkálódás","kudarc","panasz",1,1,2,1,3
"316","r_3lhvgkwc1xxfhqb","erő","nehéz","stressz","győzelem","feladat",5,1,1,5,3,"utálat","tipp","mentor","fejlődés","leszólás",1,4,3,4,1
"317","r_3f51nyv65xgtnyn","nehézség","verseny","próbatétel","újdonság","megmérettetés",4,3,4,4,3,"negatív","pozitív","minősítés","visszajelzés","értékelés",1,5,2,4,4
"318","r_25r6rbkq0mzgiwu","harc","küzdelem","eredmény","karate","egyetem",4,3,5,5,3,"puzsér róbert","nyomás","szorongás","megbántás","kritikus",2,3,1,1,3
"319","r_1c7tie8e8syovdx","nehézség","cél","feladat","eredmény","megoldás",1,4,4,4,5,"építő","negatív","megbántás","épít","hiba",5,1,1,4,2
"320","r_28syvnwiyzmb3f8","elszántság","munka","ambició","stressz","cél",4,2,5,1,4,"fejlődés","önuralom","sértettség","tapasztalat","rosszindulat",5,5,2,4,2
"321","r_teyrgbtnxgzrgvb","lehetőség","izgalom","harc","dicsőség","izgulás",4,4,3,5,1,"filmek","elvárás","fontos","átnézés","feladat",5,2,3,3,2
"322","r_57kkqm5hbgaanep","fejlesztő","bátorság","kitartas","akaraterő","előrelépés",5,5,5,5,5,"fejlődés","épitő","változás","tanulás","segítség",5,5,4,5,5
"323","r_a5njgvkx5oksyhd","megerőltető","izgalmas","akaratlan","váratlan","lehetőségteli",1,5,3,3,5,"félelmetes","értékes","érdekes","formáló","elkerülhetetlen",1,5,4,4,2
"324","r_bit2uwmnpn6xhuv","esély","előny","nehéz","építő","előrevisz",4,4,3,5,5,"önértékelés","probléma","hasznos","haszontalan","építő",2,1,5,1,4
